id,product_name,price,sold,rating,category,description
25,Lốc 10 gói mì Hảo 100 tôm chua cay gói 65g,33000.0,0,1.0,Mì,"Sợi mì vàng dai ngon hòa quyện trong nước súp tôm chua cay thơm lừng, đậm đà thấm đẫm từng sợi mì sóng sánh cùng hương thơm quyến rũ ngất ngây. Lốc 10 gói mì Hảo 100 tôm chua cay gói 65g chính hãng mì Hảo 100  là lựa chọn hấp dẫn không thể bỏ qua cho những bữa ăn nhanh chóng đơn giản mà vẫn đủ chất"
26,Thùng 30 gói mì tương đen Bắc Kinh Ottogi 83g,204000.0,0,2.0,Mì,"Sản phẩm mì ăn liền cực hot đến từ hãng mì Ottogi với sợi mì Hàn Quốc sợi to vàng dai ngon thấm quyện trong nước sốt mì trộn tương đen Bắc Kinh đậm đà cùng hương thơm quyến cũ, cuốn hút. 30 gói mì tương đen Bắc Kinh Ottogi 83g, chọn lựa vô cùng hấp dẫn cho những tín đồ mì tương đen Hàn Quốc"
27,Thùng 12 ly mì ăn liền Mini Handy Hảo Hảo tôm chua cay 47g,83000.0,0,4.0,Mì,Sợi mì vàng dai ngon hòa quyện trong nước súp tôm chua cay đậm đà thấm từng sợi cùng hương thơm quyến rũ ngất ngây. 12 ly mì Mini Handy Hảo Hảo vị tôm chua cay 47g chính hãng mì Hảo Hảo là lựa chọn hấp dẫn không thể bỏ qua đặc biệt là cho những ngày bận rộn cần bổ sung năng lượng nhanh chóng
28,Mì Hảo Hảo sa tế hành tím gói 75g,4400.0,0,4.0,Mì,"Sợi mì vàng dai ngon hòa quyện trong nước súp sa tế thơm lừng, đậm đà thấm đẫm từng sợi mì sóng sánh cùng hương hành phi quyến rũ ngất ngây. Mì Hảo Hảo sa tế hành tím gói 75g chính hãng mì Hảo Hảo là lựa chọn hấp dẫn không thể bỏ qua cho những bữa ăn nhanh chóng đơn giản"
29,Thùng 30 gói mì 3 Miền Gold cay 3 cấp độ gói 75g,108000.0,0,4.0,Mì,"Mì ăn liền chính hãng mì 3 Miền sở hữu nét đậm đà chuẩn hương vị truyền thống. Thùng 30 gói mì 3 Miền Gold cay 3 cấp độ gói 75g với hương vị đậm đà và cay nồng, tạo nên một trải nghiệm ẩm thực hấp dẫn không kể bạn ăn mì khô hay mì nước."
30,Thùng 30 gói mì xào Hảo Hảo tôm chua ngọt 75g,115000.0,0,4.5,Mì,"Sợi mì vàng dai ngon hòa quyện trong nước sốt mì xào vị tôm chua ngọt thơm lừng, đậm đà thấm từng sợi sóng sánh cùng hương thơm quyến rũ ngất ngây. 30 gói mì xào Hảo Hảo tôm xào chua ngọt gói 75g chính hãng mì Hảo Hảo là lựa chọn hấp dẫn không thể bỏ qua cho những bữa ăn đơn giản mà vẫn đủ chất"
31,Thùng 20 gói mì Yeul cay Ottogi 120g,220000.0,0,0.0,Mì,"Là sản phẩm mì ăn liền cực hot đến từ nhà Ottogi với sợi mì Hàn Quốc sợi to vàng dai ngon thấm quyện trong nước súp đậm đà cùng hương thơm quyến cũ, cuốn hút. Mì Yeul cay Ottogi 120g là chọn lựa vô cùng hấp dẫn cho những tín đồ mì cay Hàn Quốc"
32,Thùng 12 hộp mì trộn Cung Đình Kool trứng muối 90g,168000.0,0,0.0,Mì,"Sợi mì vàng dai giòn hòa quyện trong nước sốt mì trộn Cung Đình Kool vị trứng muối đậm đà cùng hương thơm lừng quyến rũ. 12 hộp mì trộn trứng muối Cung Đình Kool 90g tiện lợi, nhanh chóng, là lựa chọn hấp dẫn cho bữa ăn nhanh đơn giản nhưng vẫn đủ dưỡng chất."
33,Thùng 15 ly mì tôm chanh Jin Ottogi 65g,150000.0,0,0.0,Mì,"Mì ăn liền dạng ly tiện lợi, thơm ngon, nguồn gốc từ Hàn Quốc với hương vị tôm chanh mới lạ độc đáo kết hợp cùng sợi mì dai hấp dẫn. Thùng 15 ly mì tôm chanh Jin Ottogi 65g chính hãng mì Ottogi mang đến những bữa ăn ngon, dinh dưỡng cho gia đình"
34,Thùng 12 tô mì trộn Cung Đình Kool sườn nướng 105g,150000.0,0,0.0,Mì,"Sợi mì vàng dai giòn hòa quyện trong nước sốt mì trộn Cung Đình Kool vị sườn nướng đậm đà cùng hương thơm lừng quyến rũ. 12 tô mì trộn Cung Đình Kool vị sườn nướng 105g tiện lợi, là lựa chọn hấp dẫn cho bữa ăn nhanh gọn đơn giản nhưng vẫn đầy đủ dưỡng chất."
35,Thùng 12 ly mì ăn liền Mini Handy Hảo Hảo bò sa tế 53g,83000.0,0,4.0,Mì,"Sợi mì vàng dai ngon hòa quyện trong nước súp bò sa tế Hảo Hảo thơm ngon, đậm đà thấm đẫm từng sợi mì sóng sánh cùng hương thơm quyến rũ ngất ngây. Mì Mini Handy Hảo Hảo vị bò sa tế ly 53g là lựa chọn hấp dẫn không thể bỏ qua đặc biệt là cho những ngày bận rộn cần bổ sung năng lượng nhanh chóng đơn giản mà vẫn đủ chất"
36,Thùng 30 gói mì Hảo Hảo lẩu kim chi Hàn Quốc 75g,115000.0,0,0.0,Mì,"Mì ăn liền hương vị mới thơm ngon, chính hãng của mì Hảo Hảo. Thùng 30 gói mì Hảo Hảo hương vị lẩu kim chi Hàn Quốc 75g với những sợi mì dai ngon kết hợp cùng nước súp hương vị lẩu kim chi đậm đà đúng chuẩn Hàn Quốc cho ăn bữa ăn ngon và dinh dưỡng. Dạng thùng tiết kiệm cho cả gia đình"
37,Thùng 30 gói mì xào Hảo Hảo tôm hành 75g,118000.0,0,0.0,Mì,"Sợi mì vàng dai ngon hòa trong nước sốt mì xào tôm hành Hảo Hảo thơm lừng, đậm đà thấm đẫm từng sợi mì sóng sánh cùng hương thơm quyến rũ ngất ngây. 30 gói mì xào Hảo Hảo tôm hành 75g,lựa chọn hấp dẫn không thể bỏ qua cho những bữa ăn nhanh chóng đơn giản mà vẫn đủ chất"
38,Thùng 12 tô mì trộn Cung Đình Kool Spaghetti bò bằm 105g,150000.0,0,0.0,Mì,Sợi mì vàng dai giòn hòa quyện trong nước sốt mì trộn Spaghetti cà chua và bò bằm đậm đà cùng hương thơm lừng quyến rũ. 12 tô mì trộn Cung Đình Kool Spaghetti 105g chính hãng mì Cung Đình Kool là lựa chọn hấp dẫn cho bữa ăn nhanh gọn đơn giản
39,Thùng 30 gói mì xào Hảo Hảo hải sản đậm vị Việt 71g,118000.0,0,0.0,Mì,"Sản phẩm mì ăn liền hương vị thơm ngon chính hãng mì Hảo Hảo được nhiều người yêu thích. Thùng 30 gói mì xào Hảo Hảo hải sản đậm vị Việt 71g hương vị mới lạ độc đáo, cho gia đình bạn bữa ăn ngon nhanh chóng và dinh dưỡng"
40,Thùng 30 gói mì Hảo Hảo tôm chua cay 75g,115000.0,0,0.0,Mì,"Sợi mì Hảo Hảo vàng dai ngon hòa quyện trong nước súp tôm chua cay đậm đà từng sợi mì sóng sánh cùng hương thơm quyến rũ ngất ngây. Thùng 30 gói mì Hảo Hảo tôm chua cay 75g là lựa chọn hấp dẫn không thể bỏ qua đặc biệt là những ngày bận rộn cần bổ sung năng lượng nhanh chóng, đủ chất"
41,Thùng 30 gói mì 3 Miền gà sợi phở gói 65g,80000.0,0,0.0,Mì,"Mì ăn liền chính hãng mì 3 Miền sở hữu nét đậm đà chuẩn hương vị truyền thống. Thùng 30 gói mì 3 Miền gà sợi phở gói 65g với sợi mì to bản được kết hợp hoàn hảo với nước súp đậm đà và hương thơm của hành phi, mang đến một hương vị thơm ngon khó cưỡng cho người tiêu dùng."
42,Cá nục xốt cà 3 Cô Gái hộp 190g,27500.0,0,0.0,Cá hộp,"Cá hộp tiện lợi, thơm ngon với hương vị đậm đà cùng nước sốt cà hoàn hảo. Cá nục xốt cà 3 Cô Gái hộp 190g có thể dùng để ăn liền hoặc chế biến thành các món ăn tuỳ ý. Cá hộp Ba Cô Gái chứa nhiều dưỡng chất, cung cấp bữa ăn nhanh, tiết kiệm thời gian cho bạn và gia đình."
43,Cá nục kho tiêu Sea Crown hộp 155g,16000.0,0,0.0,Cá hộp,"Được làm hoàn toàn từ cá nục tươi cùng với các loại gia vị như sốt, ớt, hành, tiêu đen,...và ngâm trong một loại dầu cao cấp để giúp cá mềm và ngậy hơn, kết hợp với hương tiêu đen thơm ngon, cay nồng đã tạo nên một món ăn đầy thơm ngon và tiện lợi."
44,Cá nục sốt cà vị cay Sea Crown hộp 155g,16000.0,0,0.0,Cá hộp,"Cá nục sốt cà cay Sea Crown hộp 155g chứa hàm lượng dinh dưỡng cao được làm từ cá nục tươi, sốt cà chua cùng các loại gia vị quen thuộc cùng quy trình sản xuất hiện đại. Khi ăn, bạn sẽ cảm nhận vị chua ngọt và cay của sốt cà, vị béo của cá nục, giúp bữa ăn trở nên kích thích hơn, hấp dẫn hơn."
45,Cá trích sốt cà Sea Crown hộp 155g,16000.0,0,0.0,Cá hộp,"Cá trích sốt cà Sea Crown hộp 155g được chế biến từ những con cá trích chọn lọc tươi ngon nhất, kết hợp cùng sốt cà chua và những gia vị tuyệt vời khác tạo ra món ăn đậm đà, khó cưỡng. Rất phù hợp để chế biến món ăn trong gia đình hoặc để đi du lịch hoặc dã ngoại."
46,Cá trích sốt cà Sardines Sailer Wheel hộp 155g,17000.0,0,0.0,Cá hộp,"Cá hộp Sailer Wheel là sự hòa quyện giữa xốt cà chua đậm đà. Cá xốt cà Sardines Sailer Wheel hộp 155g là sản phẩm cá hộp vừa thơm ngon, hấp dẫn lại vừa mang đến bữa ăn đầy đủ dinh dưỡng, an toàn cho sức khỏe."
47,Cá ngừ ngâm dầu Tuna Việt Nam hộp 140g,22000.0,0,0.0,Cá hộp,"Cá ngừ ngâm dầu Tuna Việt Nam lon 140g là sản phẩm cá hộp mang đến hương vị cá ngừ truyền thống. Với phần thịt cá ngừ chiếm 70% và dầu thực vật cùng các loại gia vị. Cá hộp Tuna Việt Nam sẽ giúp bạn có cảm nhận được độ béo và tơi xốp của phần thịt cá cùng với lớp dầu thực vật thơm ngon, lạ miệng."
48,Cá ngừ xốt cay Tuna Việt Nam lon 140g,22000.0,0,0.0,Cá hộp,"Cá ngừ xốt cay Tuna Việt Nam là sản phẩm mang đến vị cay nhẹ độc đáo, mới lạ. Với phần thịt cá ngừ chiếm 60% cùng với xốt cà chua cô đặc và bột ớt, sản phẩm giúp cho bữa ăn của người trở nên ngon hơn và bắt cơm hơn bởi phần thịt cá ngừ mềm và tơi xốp cùng với nước sốt ngọt chua cay hòa quyện."
49,Cá ngừ xốt cà ri Tuna Việt Nam hộp 155g,13000.0,0,0.0,Cá hộp,"Cá hộp Tuna Việt Nam thơm ngon, thịt cá hồi chắc, ngọt thịt. Cá ngừ xốt cà ri Tuna Việt Nam hộp 155g với loại xốt cà ri chất lượng với công thức pha chế riêng mang đến hương vị đậm đà. Cá hộp rất tiện lợi, sử dụng trực tiếp với cơm, cháo,....hoặc chế biến thành nhiều món hấp dẫn khác"
50,Cá ngừ xốt tương Tuna Việt Nam hộp 155g,22000.0,0,0.0,Cá hộp,"Cá hộp Tuna Việt Nam thơm ngon, thịt cá hồi chắc, ngọt thịt. Cá ngừ xốt tương Tuna Việt Nam hộp 155g với loại xốt tương chất lượng với công thức pha chế riêng mang đến hương vị đậm đà. Cá hộp rất tiện lợi, sử dụng trực tiếp với cơm, cháo,....hoặc chế biến thành nhiều món hấp dẫn khác"
51,Cá mòi xốt cà chua Hi Chef 155g,13500.0,0,0.0,Cá hộp,"Cá hộp Hi Chef là thương hiệu đồ hộp chất lượng được nhiều người yêu thích. Cá mòi xốt cà chua Hi Chef 155g mang hương vị thơm ngon, đậm đà cho bữa ăn gia đình bạn thêm tròn vị và hấp dẫn. Cá hộp được làm từ những thành phần an toàn cho người sử dụng."
52,Cá nục sốt cà nắp giật Lilly hộp 155g,14000.0,0,0.0,Cá hộp,"Được chế biến và đóng hộp tiện lợi, tiết kiệm thời gian chế biến cho các bà nội trợ. Cá nục sốt cà nắp giật Lilly hộp 155g có hương vị thơm đặc trưng của thịt cá nục tươi cùng các loại gia vị. Đặc biệt sản phẩm còn có sốt cà mang lại hương vị thơm ngon, hấp dẫn."
53,Bánh cracker vị cốm AFC 5 gói,24500.0,0,0.0,Bánh quy,"Bánh cracker vị cốm non AFC Dinh Dưỡng hộp 109g là loại bánh quy, bổ sung hàm lượng canxi cao giúp xương chắc khỏe và chất xơ từ yến mạch hỗ trợ tiêu hóa với vị cốm non thơm dịu ngọt ngào. Bánh quy AFC mỏng giòn rụm càng hấp dẫn và kích thích vị giác hơn nữa."
54,Bánh gấu nhân caramel Meiji 43g,23000.0,0,0.0,Bánh quy,"Bánh quy nhân kem dâu béo, ăn giòn ngon, có độ ngọt vừa phải không quá ngán. Bánh gấu nhân caramel Meiji Hello Panda hộp 43g giòn ngon, đậm vị in hình ngộ nghĩnh trên bánh, kích thích vị giác, giúp bé vừa ăn vừa chơi vừa sáng tạo. Bánh quy Meiji là thương hiệu Nhật Bản"
55,Bánh quy kẹp kem phô mai Lexus 150g,29000.0,0,0.0,Bánh quy,"Bánh quy kẹp kem phô mai Lexus hộp 150g là sản phẩm bánh quy thơm ngon được nhập khẩu từ Malaysia với thành phần nguyên liệu cao cấp, chất lượng. Bánh quy Lexus được kẹp nhân kem phô mai thơm béo, giòn rụm, đây là loại bánh quy mặn thơm ngon, dễ dùng."
56,Bánh trứng sữa chua hạt điều Tipo 126g,34500.0,0,0.0,Bánh quy,"Bánh trứng sữa chua rắc hạt điều Tipo hộp 126g là loại bánh quy trứng giòn được làm từ 100% trứng tươi ngon. Bánh quy Tipo có lớp phủ sữa chua, nhân hạt điều giòn rụm, thơm ngon, bánh cung cấp năng lượng, vị sữa chua thơm ngọt kết hợp cùng hạt điều béo ngậy hấp dẫn."
57,Bánh quy mạch nha trứng muối Franzzi 102g,32000.0,0,0.0,Bánh quy,"Bánh quy mạch nha lòng đỏ trứng muối Franzzi gói 102g là loại bánh quy Franzzi mạch nha với nhân trứng muối béo thơm hấp dẫn. Đây là loại bánh quy mặn được nhập khẩu với hương vị ngon, mới lạ, bổ sung năng lượng cho cơ thể."
58,Bánh quy kem dẻo Richy Kenju Nougat Latte 155g,47500.0,0,0.0,Bánh quy,Thưởng thức bánh quy giòn rụm với lớp kem dẻo thơm hương latte cùng bánh quy Richy. Bánh quy kem dẻo Richy Kenju Nougat Latte vị cà phê trứng gói 155g là sản phẩm mới với lớp kem dẻo độc đáo kết hợp cùng vị giòn mặn mặn của bánh sẽ cung cấp dinh dưỡng và năng lượng cho bạn mỗi ngày.
59,Bánh quy sữa tươi Tích Sỹ Giai 100g,15000.0,0,0.0,Bánh quy,"Bánh quy vị sữa tươi Tích Sỹ Giai Dad Biscuit gói 100g là sản phẩm bánh quy được làm từ thành phần trứng gà tươi và sữa bột tạo nên hương vị thơm ngon hảo hạng. Bánh quy Tích Sỹ Giai là thương hiệu lâu đời gắn liền với tuổi thơ của thế hệ 8x, 9x, đa dạng hương vị bánh bổ dưỡng, hấp dẫn."
60,Bánh quy phô mai Imperial Rosy 100g,10000.0,0,0.0,Bánh quy,"Bánh quy phô mai Imperial Rosy gói 100g là loại bánh quy có xuất xứ từ Thái Lan, hương vị bánh giòn rụm kết hợp cùng nhân phô mai thơm béo càng làm tăng sự hấp dẫn cho chiếc bánh. Bánh quy Imperial được sản xuất từ thành phần đảm bảo chất lượng, hương vị bánh phù hợp với khẩu vị người dùng."
61,Bánh cracker kem dẻo vị tảo Bibica Gooka 180g,30000.0,0,0.0,Bánh quy,"Bánh cracker kem dẻo vị tảo Bibica Gooka Nougat Filling hộp 180g là loại bánh quy với lớp bánh giòn rụm kết hợp cùng nhân kem dẻo vị tảo biển thơm kích thích vị giác. Bánh quy Bibica được nướng, không chiên giúp bánh không ngấy, thơm hơn và an toàn cho sức khỏe."
62,Bánh sườn bò sốt cam Orion 35g,13000.0,0,0.0,Bánh quy,"Bánh quy hình cá dễ thương, nay có vị này mới, giòn giòn, vị mặn mặn, ngọt ngọt nên bé thích ăn. Bánh quy vị sườn bò sốt cam Jungle Boy T-Rex Orion hộp 35g tiện lợi dễ bảo quản, bé vừa ăn vừa học hiệu quả. Bánh quy Orion chất lượng, được nhiều người chọn mua vì sự thơm ngon và chất lượng."
63,Bánh quy bơ Kokola 100g,25000.0,0,0.0,Bánh quy,"Bánh quy Kokola béo ngậy, thơm ngon nhờ được làm từ sữa tạo nên sự ngọt ngào trong từng miếng bánh quy. Bánh quy bơ Kokola Waffle Cookies hộp 100g kết hợp với lớp bánh giòn rụm, khiến bạn không thể nào cưỡng lại."
64,Bánh phô mai lắc Orion 31.6g,13000.0,0,0.0,Bánh quy,"Bánh quy vị phô mai lắc bùng nổ Orion Jungle Boy hộp 31.6g là sản phẩm bánh quy đến từ thương hiệu bánh Hàn Quốc nổi tiếng với vị phô mai lắc thơm béo hấp dẫn. Bánh quy Orion được sản xuất từ những thành phần chất lượng, hương vị thơm ngon và an toàn cho sức khỏe."
65,Bánh quy kem dâu Oreo 119.6g,14000.0,0,0.0,Bánh quy,"Bánh quy kẹp kem dâu thơm ngon, với lớp vỏ màu đen, có vị đắng nhẹ nhưng lại ngọt không gắt kích thích vị giác. Bánh quy Oreo kem dâu gói 119.6g dinh dưỡng, ngon miệng, vừa ăn vừa chơi. Bánh quy Oreo có thể chấm sữa ăn rất thú vị hoặc làm nguyên liệu làm bánh"
66,Bánh quy kem việt quất Oreo 119.6g,14000.0,0,0.0,Bánh quy,"Bánh quy kẹp kem lạnh việt quất thơm ngon, với lớp vỏ màu đen, có vị đắng nhẹ nhưng lại ngọt không gắt kích thích vị giác. Bánh quy socola Oreo kem lạnh việt quất gói 119.6g dinh dưỡng, ngon miệng, vừa ăn vừa chơi. Bánh quy Oreo có thể chấm sữa ăn rất thú vị hoặc làm nguyên liệu làm bánh"
67,Gạo còn cám Vinh Hiển Khổng Tước Nguyên túi 5kg,115000.0,0,0.0,Gạo,"Là loại gạo còn cám, giàu chất dinh dưỡng, tốt cho sức khoẻ. Gạo còn cám Vinh Hiển Khổng Tước Nguyên túi 5kg được sản xuất từ giống lúa Tiến Vua chọn lọc, cho hạt gạo dài, màu trắng sữa đục. Khi nấu, gạo cho cơm dẻo nhiều, thơm mềm và ngọt. Đặc biệt, cơm vẫn mềm ngon ngay cả khi để nguội."
68,Gạo Vinh Hiển Đặc sản ST24 túi 2kg,65000.0,0,0.0,Gạo,"Đặc tính gạo là cơm rất dẻo, mềm và thơm, nở ít. Gạo được trồng từ giống lúa ST24. Gạo Vinh Hiển Đặc sản ST24 túi 2kg được canh tác theo quy trình chăm sóc khoa học, không chất kích thích tăng trưởng. Gạo của thương hiệu gạo Vinh Hiển chất lượng, an toàn, sạch và chất kích thích tăng trưởng."
69,Gạo lứt Vinh Hiển túi 2kg,51000.0,0,0.0,Gạo,"Giống gạo được tuyển chọn từ vùng trồng gạo nổi tiếng kết hợp với công nghệ sản xuất đạt chuẩn HACCP. Gạo lứt Vinh Hiển túi 2kg thích hợp cho những người muốn ăn kiêng, giảm cân. Gạo đến từ thương hiệu gạo Vinh Hiển chất lượng, an toàn, sạch và không chứa chất kích thích tăng trưởng."
70,Nếp sáp Vinh Hiển túi 1kg,32500.0,0,0.0,Gạo,"Hạt gạo có đặc tính dẻo dính, xôi thơm. Gạo được canh tác từ giống nếp được tuyển chọn kết hợp với công nghệ sản xuất đạt chuẩn.  HACCP. Nếp sáp Vinh Hiển túi 1kg dinh dưỡng, an toàn và dẻo. Gạo Vinh Hiển chất lượng, an toàn, sạch và không chứa chất kích thích"
71,Nếp cái hoa vàng Vinh Hiển túi 1kg,36000.0,0,0.0,Gạo,"Gạo có đặc tính cơm mềm dẻo, thơm ngon. Được canh tác từ nếp cái hoa vàng Bắc, mang đến chất lượng cao. Nếp cái hoa vàng Vinh Hiển túi 1kg dinh dưỡng, an toàn và dẻo. Gạo của thương hiệu gạo Vinh Hiển chất lượng, an toàn, sạch và không chứa chất kích thích tăng trưởng."
72,Nếp chùm Vinh Hiển túi 1kg,29000.0,0,0.0,Gạo,"Dẻo nhiều, cơm mềm. Nếp chùm Vinh Hiển túi 1kg sạch, an toàn, cơm ngon. Gạo nếp được cấy trồng theo mô hình tiên tiến, không sử dụng chất kích thích.  Nếp Vinh Hiển chất lượng, khi ăn cảm thấy ngon miệng lại cung cấp chất dinh dưỡng cho gia đình."
73,Gạo lứt đỏ Vinh Hiển túi 1kg,41500.0,0,0.0,Gạo,"Giống gạo được sản xuất với công nghệ sản xuất đạt chuẩn HACCP. Gạo lứt đỏ Vinh Hiển túi 1kg dẻo hơn so với những loại gạo lứt khác, thích hợp cho những người muốn ăn kiêng, giảm cân. Gạo Vinh Hiển chất lượng, an toàn, sạch và không chứa chất kích thích tăng trưởng."
74,Gạo thơm Ngon ST24 túi 5kg,165000.0,0,0.0,Gạo,"Gạo khi nấu cho cơm mềm ngọt, dẻo dai, rất ngon tạo cảm giác dễ chịu cho người ăn. Gạo thơm Ngon ST24 túi 5kg thuộc thương hiệu gạo Ngon được nuôi trồng canh tác theo quy trình tiên tiến, nghiêm ngặt đảm bảo không chất bảo quản, không thuốc trừ sâu, kích thích tăng trưởng."
75,Nếp cái hoa vàng Ông Cụ túi 1kg,36000.0,0,0.0,Gạo,"Hạt gạo ngắn tròn, khi nấu cho cơm dẻo, mềm, vị ngọt tự nhiên, tạo cảm giác ngon miệng cho người ăn.Nếp cái hoa vàng Ông Cụ túi 1kg của hãng gạo Ông cụ đảm bảo các chỉ tiêu về chất lượng, an toàn đến tay người dùng. Mang đến bữa cơm ngon miệng cho gia đình bạn."
76,Gạo Nhật shinichi Vua Gạo túi 5kg,140000.0,0,0.0,Gạo,"Hạt gạo dẻo nhiều, cơm mềm. Gạo Nhật shinichi Vua Gạo túi 5kg thích hợp làm cơm cuộn, sushi, ăn ngon miệng. Gạo Vua Gạo có nguồn gốc từ gạo giống Nhật Japonica, mang đến cho bạn cảm giác lạ miệng nhưng ngon cơm. Gạo được trồng quy trình an toàn, khép kín"
77,Gạo lứt tím Vinh Hiển túi 1kg,48000.0,0,0.0,Gạo,"Gạo lứt tím loại gạo được rất nhiều người chọn mua vì chúng có chất dinh dưỡng cao khi nấu. Gạo lứt tím Vinh Hiển túi 1kg dẻo hơn so với những loại gạo lứt khác, thơm ngon, giúp ăn ngon miệng, . Gạo Vinh Hiển luôn được người dùng tin tưởng sử dụng và giúp ăn ngon miệng cho gia đình bạn"
78,Gạo tấm thơm thanh yến Vinh Hiển túi 2kg,47000.0,0,0.0,Gạo,"Gạo tấm là loại gạo được rất nhiều người chọn mua vì chúng có chất dinh dưỡng cao khi nấu. Gạo tấm thơm thanh yến Vinh Hiển túi 2kg đóng gói nhỏ gọn, tiện lợi nấu cho gia đình và sử dụng thử. Gạo Vinh Hiển luôn được người dùng tin tưởng sử dụng và giúp ăn ngon miệng cho gia đình bạn"
79,Gạo thơm đặc sản Neptune ST25 túi 5kg,190000.0,0,0.0,Gạo,"Gạo là lương thực thực phẩm thiết yếu có trong mọi căn bếp. Gạo thơm đặc sản Neptune ST25 túi 5kg với giống gạo ST25 ngon nhất thế giới vào năm 2019, hạt cơm ngọt, dẻo nhiều và ít nở, giúp bạn ăn ngon miệng. Gạo Neptune chất lượng, thơm ngon, giúp bạn ăn được nhiều cơm."
80,Gạo thơm Vua Gạo ST25 Lúa Tôm túi 5kg,175000.0,0,0.0,Gạo,"Gạo thơm Vua Gạo ST25 Lúa Tôm túi 5kg là loại gạo thơm ngon, có độ dẻo và mềm đặc biệt, hạt gạo thon dài, không bị khô sau khi nấu. Sản phẩm gạo Vua Gạo được đánh giá cao về chất lượng sản phẩm, hương vị thơm ngon, hấp dẫn, túi 5kg thích hợp cho gia đình sử dụng."
81,Gạo trắng Thiên Nhật túi 5kg,95000.0,0,0.0,Gạo,"Gạo Thiên Nhật chất lượng, không chứa chất bảo quản, tạo mùi hay tẩy trắng. Gạo trắng Thiên Nhật túi 5kg cho ra cơm dẻo vừa, nở ít, giúp ăm ngon miệng hơn. Gạo túi 5kg tiện lợi và tiết kiệm cho cả gia đình cùng sử dụng."
82,Gạo thơm Thiên Nhật túi 5kg,100000.0,0,0.0,Gạo,"Gạo Thiên Nhật chất lượng, không chứa chất bảo quản, tạo mùi hay tẩy trắng. Gạo thơm Thiên Nhật túi 5kg cho ra cơm mềm, thơm và dẻo, giúp ăm ngon miệng hơn. Gạo túi 5kg tiện lợi và tiết kiệm cho cả gia đình cùng sử dụng."
83,Gạo ngon Bách hoá XANH túi 5kg,120000.0,0,0.0,Gạo,"Là loại gạo dẻo nhiều, cơm mềm và thơm. Đây là gạo của bách hóa XANH. Gạo trắng ngon Bách hoá XANH 5kg là giống lúa ngon, có mùi thơm đặc trưng, thơm nhẹ ngay khi cơm nguội. Được trồng theo quy trình khoa học, không sử dụng chất kích thích tăng trưởng"
84,Gạo thơm Neptune ST25 Extra túi 5kg,145000.0,0,0.0,Gạo,"Gạo Neptune chất thơm ngon, chất lượng được các bà nội trợ tin dùng. Gạo thơm Neptune ST25 Extra túi 5kg mang hương vị thơm ngon, độ mềm và dẻo vừa phải mang đến bữa ăn của bạn thêm tròn vị đậm đà và hấp dẫn. Gạo không tẩm các hoá chất độc hại an toàn cho người sử dụng."
85,Sữa tiệt trùng Dutch Lady không đường 180ml,7200.0,0,0.0,Sữa,"Sữa tiệt trùng không đường Dutch Lady bịch 180ml đóng bịch tiện lợi, dễ dàng sử dụng. Sữa tươi Dutch Lady là nguồn bổ sung canxi và protein thiết yếu mỗi ngày, giúp cơ thể khoẻ mạnh, cao lớn hơn. Sữa tươi không đường với hương vị thơm ngon, dễ uống."
86,Lốc 4 hộp sữa tươi Vinamilk không đường 110ml,21500.0,1,0.0,Sữa,"Lốc 4 hộp sữa tươi tiệt trùng không đường Vinamilk 100% Sữa tươi 110ml được chế biến từ nguồn sữa tươi 100% chứa nhiều vinamin và khoáng chất tốt cho xương và hệ miễn dịch, sữa tươi Vinamilk với hệ thống trang trại đạt chuẩn Quốc Tế, lớn nhất tại Châu Á."
87,Thùng 48 hộp sữa tươi Vinamilk không đường 110ml,235000.0,1,0.0,Sữa,Thùng 48 hộp sữa tươi tiệt trùng không đường Vinamilk 100% Sữa tươi 110ml với vị ngon nguyên chất từ 100% sữa bò tươi. Sữa tươi Vinamilk là nhãn hiệu sữa tươi thuộc top 50 công ty sữa lớn nhất thế giới.
88,Sữa tiệt trùng Dutch Lady dâu 180ml,7200.0,1,0.0,Sữa,"Sữa tiệt trùng hương dâu Dutch Lady bịch 180ml bổ dung đầy đủ dinh đưỡng cho bữa sáng. Sữa tươi Dutch Lady là nhãn hiệu sữa tươi chất lượng, không chứa chất bảo quản, với nhiều hương vị thơm ngon, hấp dẫn."
89,Sữa tiệt trùng Dutch Lady socola 180ml,7200.0,1,0.0,Sữa,"Sữa tiệt trùng hương socola Dutch Lady bịch 180ml với dạng bịch dung tích 180ml tiện lợi, dễ dàng mang theo sử dụng. Sữa tươi Dutch Lady được làm từ nguồn sữa tươi chất lượng, không chứa chất bảo quản, đảm bảo an toàn cho sức khỏe người tiêu dùng."
90,Thùng 48 hộp sữa tươi Dutch Lady ít đường 180ml,331000.0,1,0.0,Sữa,"Thùng 48 hộp sữa tươi tiệt trùng ít đường Dutch Lady 180ml dạng thùng tiện lợi, sữa tươi tiệt trùng cô gái Hà Lan được giảm 45% lượng đường, phù hợp với người giảm cân, ăn kiêng. Sữa tươi Dutch Lady là một trong những thương hiệu sữa lớn, được sử dụng phổ biến tại nhiều quốc gia, với chất lượng theo tiêu chuẩn được quốc tế."
91,Thùng 48 hộp sữa tươi Kun 100% ít đường 180ml,376000.0,1,0.0,Sữa,"Thùng 48 hộp sữa tươi tiệt trùng ít đường Lof Kun 100% Sữa tươi 180ml hoàn toàn không chứa chất bảo quản, màu và chất tạo ngọt tổng hợp. Sữa tươi Kun là dòng sữa được làm từ 100% sữa tươi chất lượng, hương vị thơm ngon, dễ uống, sản xuất bởi Công ty cổ phần Sữa Quốc Tế (IDP)."
92,Thùng 48 hộp sữa tươi Kun 100% Sữa tươi 180ml,376000.0,1,0.0,Sữa,"Thùng 48 hộp sữa tươi tiệt trùng có đường lof Kun 100% Sữa tươi 180ml vừa hỗ trợ tăng sức đề kháng lại giúp dễ dàng hấp thụ Canxi và gắn kết Canxi vào xương. Sữa tươi Kun với thành phần từ sữa tươi thơm ngon, hoàn toàn không chứa chất bảo quản, màu và chất tạo ngọt tổng hợp."
93,Thùng 48 bịch sữa tiệt trùng Dutch Lady có đường 180ml,339000.0,1,0.0,Sữa,"Thùng 48 bịch sữa tiệt trùng có đường Dutch Lady 180ml chứa canxi, phốt pho, vitamin B2, B12 rất tốt cho cơ thể. Sữa tươi Dutch Lady sử dụng nguyên liệu sữa tươi nguyên chất, chứa hàm lượng đạm sữa chất lượng cao giúp xây dựng hệ cơ và can-xi giúp xương chắc khỏe."
94,Lốc 4 hộp sữa dinh dưỡng có đường Nuvi 180ml,32500.0,0,0.0,Sữa,"Sữa tươi Nuvi với công thức độc quyền TallMax IGF1 cung cấp đầy đủ hệ vi chất thiết yếu, giúp phát triển chiều cao và não bộ. Lốc 4 hộp sữa tươi tiệt trùng có đường Nuvi 180ml được làm từ sữa tươi thiên nhiên, không chứa chất bảo quản, có đường thơm ngon, dễ dùng."
95,Lốc 4 hộp sữa tiệt trùng Dutch Lady dâu 180ml,33000.0,0,0.0,Sữa,"Sữa tươi Dutch Lady thơm ngon, dễ uống, bổ sung thêm Vitamin D3, A, nhóm B, Canxi cùng nhiều dưỡng chất khác trong sữa tươi giúp bé phát triển chiều cao, tăng cường thị lực và sức khoẻ. Lốc 4 hộp sữa tiệt trùng hương dâu Dutch Lady 180ml thêm hương dâu dễ uống, lốc 4 hộp tiết kiệm."
96,Lốc 4 hộp sữa tươi Kun 100% có đường 180ml,33500.0,0,0.0,Sữa,"Lốc 4 hộp sữa tươi tiệt trùng có đường lof Kun 100% Sữa tươi 180ml giúp bé cao lớn hơn và tăng cường sức đề kháng nhờ có chứa Vitamin K2, D3, A và các khoáng chất như Canxi, Selen,...  Sữa tươi Kun sử dụng 100% sữa tươi, không chứa chất bảo quản, màu và chất tạo ngọt tổng hợp."
97,Lốc 4 hộp sữa tươi Vinamilk 100% socola 180ml,32500.0,0,0.0,Sữa,"Sữa tươi Vinamilk là thương hiệu được tin dùng hàng đầu với chất lượng tuyệt vời được chế biến từ nguồn sữa tươi 100% chứa nhiều dưỡng chất như vitamin A, D3, canxi,... tốt cho xương và hệ miễn dịch. Lốc 4 hộp sữa tươi tiệt trùng socola Vinamilk 100% Sữa Tươi 180ml hương socola dễ uống."
98,Lốc 4 hộp sữa tươi Vinamilk 100% ít đường 180ml,32500.0,0,0.0,Sữa,"Sữa tươi Vinamilk là thương hiệu được tin dùng hàng đầu với chất lượng tuyệt vời được chế biến từ nguồn sữa tươi 100% chứa nhiều dưỡng chất như vitamin A, D3, canxi,... tốt cho xương và hệ miễn dịch. Lốc 4 hộp sữa tươi tiệt trùng ít đường Vinamilk 100% Sữa Tươi 180ml thơm ngon dễ uống."
99,Lốc 4 hộp sữa tươi Dutch Lady Cao Khoẻ dâu 170ml,33500.0,0,0.0,Sữa,"Sữa Dutch Lady sử dụng nguyên liệu là sữa tươi, bổ sung protein, phốt pho, Vitamin B2 và B12 cùng nhiều vitamin và khoáng chất cần thiết cho cơ thể. Lốc 4 hộp sữa tiệt trùng hương dâu Dutch Lady Cao Khoẻ 170ml bán lốc 4 tiện sử dụng, tiết kiệm, thơm ngon hương dâu."
100,Lốc 4 hộp sữa tươi Dutch Lady ít đường 180ml,33000.0,0,0.0,Sữa,"Lốc 4 hộp sữa tươi tiệt trùng ít đường Dutch Lady 180ml được giảm 45% lượng đường, với hương vị thơm ngon, dễ uống. Sữa tươi Dutch Lady hay còn gọi là sữa tươi cô gái Hà Lan được làm từ nguồn nguyên liệu chọn lọc nghiêm ngặt, trải qua quy trình sản xuất và kiểm soát chất lượng theo tiêu chuẩn được quốc tế công nhận, với hơn 145 kinh nghiệm."
101,Lốc 4 hộp sữa tươi Kun 100% ít đường 180ml,33500.0,1,0.0,Sữa,"Lốc 4 hộp sữa tươi tiệt trùng ít đường Lof Kun 100% Sữa tươi 180ml hỗ trợ bé yêu phát triển cao lớn hơn và tăng cường sức đề kháng. Sữa tươi Kun làm hoàn toàn từ 100% sữa tươi, không chứa chất bảo quản, màu và chất tạo ngọt tổng hợp."
102,Thùng 48 bịch sữa tiệt trùng Dutch Lady socola 180ml,339000.0,1,0.0,Sữa,"Thùng 48 bịch sữa tiệt trùng Dutch Lady hương socola 180ml là nguồn bổ sung dinh dưỡng cần thiết cho cơ thể hoạt động. Sữa tươi Dutch Lady là một trong những thương hiệu sữa tươi được ưa chuộng nhất trên thị trường hiện nay với nhiều các hương vị thơm ngon, hấp dẫn."
103,Thùng 48 bịch sữa tiệt trùng Dutch Lady dâu 180ml,339000.0,0,0.0,Sữa,"Thùng 48 bịch sữa tiệt trùng Dutch Lady hương dâu 180ml dạng bịch tiện lợi, bổ sung chất đạm, canxi, Vitamin B2, kali. Sữa tươi Dutch Lady là nhãn hiệu sữa tươi được rất nhiều trẻ em lẫn người lớn ưa chuộng, bổ dung đầy đủ dinh đưỡng cho hoạt động ngày dài."
104,Thùng 48 bịch sữa tiệt trùng Dutch Lady không đường 180ml,339000.0,0,0.0,Sữa,"Thùng 48 bịch sữa tiệt trùng không đường Dutch Lady 180ml chứa hàm lượng đạm sữa chất lượng cao giúp xương chắc khỏe. Sữa tươi Dutch Lady là nhãn hiệu sữa tươi rất được ưa chuộng hiện nay, giúp gia đình bạn luôn khỏe mạnh và năng động."
105,Trái cây sấy giòn Vinamit 250g,74500.0,0,0.0,Trái cây sấy,"Trái cây sấy giòn giòn, thơm và giữ được độ ngọt tự nhiên của chuối, ăn rất thích. Trái cây sấy giòn Vinamit gói 250g vừa ăn vừa xem phim, đọc sách rất phù hợp hoặc thưởng trà. Trái cây sấy Vinamit chất lượng, vệ sinh và dinh dưỡng, là món ăn tiện lợi và thơm ngon"
106,Mít sấy giòn Đỉnh Nam Wenatur gói 100g,40000.0,0,0.0,Trái cây sấy,"Trái cây sấy được lựa chọn từ những quả chín, ngọt, an toàn cho sức khỏe.  Mít sấy giòn Đỉnh Nam Wenatur gói 100g nhai giòn rôm rốp, vui miệng, thích hợp để ăn vặt, thưởng trà xem phim. Trái cây sấy Đỉnh Nam là thương hiệu chất lượng với nhiều sản phẩm thơm ngon hấp dẫn."
107,Xoài sấy dẻo Đỉnh Nam Wenatur 100g,40000.0,0,0.0,Trái cây sấy,"Xoài sấy được lựa chọn từ những quả chín, ngọt, đem đi sấy dẻo - sử dụng nhiệt độ cao làm bốc hơi lượng nước có trong sản phẩm. Xoài sấy dẻo Đỉnh Nam Wenatur gói 100g nhai dẻo dai, vui miệng, thích hợp để ăn vặt, thưởng trà xem phim. Trái cây sấy Đỉnh Nam Wenatur chất lượng, hấp dẫn và vệ sinh."
108,Trái cây sấy Đỉnh Nam Wenatur 100g,28500.0,0,0.0,Trái cây sấy,"Trái cây được lựa chọn từ những quả chín, ngọt, đem đi sấy giòn - sử dụng nhiệt độ cao làm bốc hơi lượng nước có trong sản phẩm. Trái cây sấy Đỉnh Nam Wenatur gói 100g nhai giòn rôm rốp, vui miệng, thích hợp để ăn vặt, thưởng trà xem phim. Trái cây sấy Đỉnh Nam Wenatur chất lượng, hấp dẫn và vệ sinh."
109,Xoài chín cây sấy dẻo Ohla 35g,19000.0,0,0.0,Trái cây sấy,"Xoài chín được sấy dẻo ở nhiệt độ cao (50 - 70 độ C) để làm mất đi một phần hơi nước của sản phẩm rồi đem đi làm mát, làm trái cây dẻo, thơm ngon và có chút dai. Xoài chín cây sấy dẻo Ohla gói 35g dùng ăn vặt hoặc nhâm nhi thưởng trà. Trái cây sấy dẻo Ohla chất lượng, vệ sịn an toàn."
110,Dâu sấy dẻo Ohla 30g,19000.0,0,0.0,Trái cây sấy,"Dâu được sấy dẻo ở nhiệt độ cao (50 - 70 độ C) để làm mất đi một phần hơi nước của sản phẩm rồi đem đi làm mát, làm trái cây dẻo, thơm ngon và có chút dai. Dâu sấy dẻo Ohla gói 30g dùng ăn vặt hoặc nhâm nhi thưởng trà. Trái cây sấy dẻo Ohla chất lượng, vệ sịn an toàn."
111,Chuối sấy Rộp Rộp 100g,26000.0,0,0.0,Trái cây sấy,"Chuối sấy là loại trái cây sấy giòn giòn, giữ được độ ngọt tự nhiên của chuối chín. Chuối sấy Rộp Rộp gói 100g tiện lợi, loại bỏ hạt, có vị xốp xốp nhưng không mất đi hương vị tự nhiên của nó. Chuối sấy Rộp Rộp vừa ăn vặt vừa thưởng trà thư giãn rất phù hợp."
112,Trái cây sấy Rộp Rộp 100g,26000.0,0,0.0,Trái cây sấy,"Trái cây sấy giòn giòn và vẫn giữ được độ ngọt tự nhiên của trái cây chín. Trái cây sấy Rộp Rộp gói 100g tiện lợi, loại bỏ hạt, có vị xốp xốp nhưng không mất đi hương vị tự nhiên của nó. Trái cây sấy Rộp Rộp vừa ăn vặt vừa thưởng trà thư giãn rất phù hợp, có thể sử dụng trong các bữa tiệc ngọt."
113,Khoai lang vàng sấy Rộp Rộp 100g,26000.0,0,0.0,Trái cây sấy,"Với những miếng rau củ sấy thật thơm ngon, dinh dưỡng lại còn có màu vàng hấp dẫn, kích thích vị giác khi ăn. Khoai lang vàng sấy Rộp Rộp gói 100g thơm thơm, có độ ngọt vừa phải, dùng để ăn vặt rất vui miệng và phù hợp. Rau củ sấy Rộp Rộp là sản phẩm chất lượng cao."
114,Khoai lang tím sấy Rộp Rộp 100g,26000.0,0,0.0,Trái cây sấy,"Với những miếng khoai lang tím thật thơm ngon, dinh dưỡng, kích thích vị giác khi ăn. Khoai lang tím sấy Rộp Rộp gói 100g loại rau củ sấy thơm thơm, có độ ngọt vừa phải, dùng để ăn vặt rất vui miệng và phù hợp. Khoai lang sấy Rau củ sấy Rộp Rộp là sản phẩm chất lượng cao."
115,Khoai môn sấy Rộp Rộp 100g,36000.0,0,0.0,Trái cây sấy,"Với những miếng khoai lang sấy thật thơm ngon, dinh dưỡng lại còn có màu tím hấp dẫn, kích thích vị giác khi ăn. Khoai môn sấy Rộp Rộp gói 100g loại rau củ sấy thơm thơm, có độ ngọt vừa phải, dùng để ăn vặt rất vui miệng và phù hợp. Khoai lang sấy Rộp Rộp là sản phẩm chất lượng cao."
116,Trái cây rau củ sấy Nhabexims 200g,49000.0,0,0.0,Trái cây sấy,"Trái cây sấy Nhabexims chất lượng, dinh dưỡng mang đến những cảm giác thích thú khi ăn. Trái cây rau củ sấy Nhabexims gói 200g được làm từ trái cây, rau củ an toàn, chất lượng. Trái cây sấy nhâm nhi cùng gia đình và bạn bè rất tuyệt vời nhé"
117,Mít sấy Nhabexims 100g,32000.0,0,0.0,Trái cây sấy,"Trái cây sấy Nhabexims chất lượng, dinh dưỡng mang đến những cảm giác thích thú khi ăn. Mít sấy Nhabexims gói 100g được làm từ những múi mít thơm ngon, ngọt an toàn, chất lượng. Trái cây sấy nhâm nhi cùng gia đình và bạn bè rất tuyệt vời nhé"
118,Chuối sấy dẻo Đỉnh Nam Wenatur gói 150g,24500.0,0,0.0,Trái cây sấy,"Chuối sấy dẻo Đỉnh Nam Wenatur gói 150g là sản phẩm chuối sấy dẻo với vị ngọt thơm từ quả chuối chín. Trái cây sấy Đỉnh Nam Wenatur là thương hiệu Việt Nam được yêu thích với nhiều loại trái cây sấy giòn, sấy dẻo tươi ngon, đảm bảo an toàn cho sức khỏe."
119,Xoài sấy muối ớt Đỉnh Nam Wenatur gói 100g,41000.0,0,0.0,Trái cây sấy,"Xoài sấy muối ớt Đỉnh Nam Wenatur gói 100g là sản phẩm trái cây sấy mang hương vị chua cay hòa quyện từ xoài, muối và ớt. Trái cây sấy Đỉnh Nam là thương hiệu chất lượng, từ nguyên liệu nông sản sạch, xanh, đảm bảo an toàn cho sức khỏe người tiêu dùng."
120,Xoài sấy dẻo muối ớt Yến Nhung gói 100g,50000.0,0,0.0,Trái cây sấy,"Xoài sấy dẻo muối ớt Yến Nhung gói 100g là sản phẩm trái cây sấy kết hợp cùng muối ớt mang đến vị cay kích thích vị giác. Trái cây sấy Yến Nhung luôn đảm bảo nguồn nguyên liệu tươi ngon, hương vị đậm đà, an toàn cho sức khỏe người sử dụng."
275,Test 002,50000.0,5,1.0,Trái cây sấy,
132,Ngũ cốc dinh dưỡng MacCereal bịch 560g,71000.0,0,0.0,Bột ngũ cốc,"Ngũ cốc dinh dưỡng của thương hiệu MacCereal với công thức đặc biệt ít calo, ít chất béo, nhiều chất xơ, giúp bạn kiểm soát cân nặng một cách hiệu quả mang lại cho bạn một cơ thể khỏe mạnh và một vóc dáng thon thả, như ý. Ngũ cốc dinh dưỡng MacCereal bịch 560g thơm ngon dễ uống"
133,Ngũ cốc dinh dưỡng VinaCafé B'fast bịch 500g,67500.0,0,0.0,Bột ngũ cốc,"Ngũ cốc VinaCafé B'fast là nguồn bổ sung canxi cho gia đình mỗi ngày. Ngoài ra, ngũ cốc còn giúp cung cấp thêm chất đạm, chất xơ, phốt phát, carbohydrate,.. có thể dùng thay thế bữa ăn nhẹ cho cả nhà. Ngũ cốc dinh dưỡng VinaCafé B'fast Kachi bịch 500g có 20 gói nhỏ tiện dùng, dễ pha"
134,Bột thức uống lúa mạch Milo Active Go hũ 400g,81000.0,0,0.0,Bột ngũ cốc,"Thức uống cacao lúa mạch Milo nổi tiếng được làm từ mầm lúa mạch và ngũ cốc nguyên cám, có tác dụng cung cấp nguồn năng lượng cho việc học tập, chơi thể thao và các hoạt động thể chất. Bột thức uống lúa mạch Milo Active Go hũ 400g dạng bột mịn dễ hòa tan, tiện lợi để pha chế và thưởng thức."
135,Mủ trôm hạt chia đường phèn Ciel gói 100g,23000.0,0,0.0,Bột ngũ cốc,Hạt chia là một loại thực vật có nguồn gốc từ Trung Mỹ và được sử dụng như một thực phẩm bổ sung hàng ngày bởi những lợi ích tuyệt vời mà nó mang lại cho sức khỏe. Mủ trôm hạt chia đường phèn Ciel gói 100g sẽ giúp giải nhiệt nhanh chóng và bổ sung nguồn chất xơ dồi dào cho cơ thể.
136,Ngũ cốc yến mạch nguyên cám MacCereal ít đường bịch 480g,75000.0,0,0.0,Bột ngũ cốc,"Ngũ cốc yến mạch nguyên cám MacCereal ít đường 480g là sản phẩm ngũ cốc dinh dưỡng giảm 80% đường, bổ sung chất xơ hòa tan, cân bằng đường huyết và làm giảm nguy cơ mắc bệnh tim mạch, tiểu đường. Ngũ cốc yến mạch MacCereal rất thích hợp cho người ăn kiêng, tiểu đường."
137,Ngũ cốc Nestlé Koko Krunch vị socola hộp 150g,63000.0,0,0.0,Bột ngũ cốc,"Bánh ngũ cốc ăn sáng Nestlé bổ sung Vitamin giúp phát triển thể chất và trí tuệ của trẻ. Ngũ cốc Nestlé Koko Krunch vị socola hộp 150g là sản phẩm bánh ngũ cốc vị socola kích thích cảm giác thèm ăn, cho bé hấp thụ dinh dưỡng tốt hơn, ngăn ngừa tình trạng thiếu máu ở trẻ."
138,Yến mạch nguyên chất Oatmeal Cereal gói 350g,57500.0,0,0.0,Bột ngũ cốc,"Thành phần: 100% từ yến mạch nguyên chất, nguồn nguyên liệu sạch, đạt tiêu chuẩn vệ sinh an toàn, là sự lựa chọn hoàn hảo cho người tiêu dùng. Yến mạch nguyên chất Oatmeal Cereal bịch 350g chứa các thành phần giàu năng lượng, nhiều chất có lợi cho cơ thể, cụ thể như tinh bột, chất xơ, chất đạm,..."
139,Hạt chia Sunrise gói 300g,102000.0,0,0.0,Bột ngũ cốc,"Với 100% hạt chia nguyên chất, dinh dưỡng. Hạt chia Sunrise 300g có thể dùng để pha nước  ác loại nước trái cây, nước uống (cà phê, cacao sữa) sinh tố, hoặc có thể cho vào các món ăn uống giúp thanh mát cơ thể và cũng cấp những khoáng chất cần thiết. Hạt chia Sunrise chất lượng, an toàn."
140,Bột đậu xanh hạt sen mật ong Vitapro bịch 420g,33000.0,0,0.0,Bột ngũ cốc,"Bột đậu xanh kết hợp với hạt sen và mật ong mang đến cho bạn dinh dưỡng, thơm ngon. Bột đậu xanh hạt sen mật ong Vitapro bịch 420g tiện lợi, có thể pha nóng hoặc lạnh tùy theo sở thích của bạn. Bột dinh dưỡng Vitapro thơm ngon, dinh dưỡng, giúp bạn có năng lượng hoạt động mỗi ngày"
141,Bột đậu nành hạt sen mật ong Vitapro bịch 420g,34000.0,0,0.0,Bột ngũ cốc,"Bột đậu nành kết hợp với hạt sen và mật ong mang đến cho bạn dinh dưỡng, thơm ngon. Bột đậu nành hạt sen mật ong Vitapro bịch 420g tiện lợi, có thể pha nóng hoặc lạnh tùy theo sở thích của bạn. Bột dinh dưỡng Vitapro thơm ngon, dinh dưỡng, giúp bạn có năng lượng hoạt động mỗi ngày"
142,Bột ngũ cốc Vitapro bịch 400g,33000.0,0,0.0,Bột ngũ cốc,"Bột ngũ cốc kết hợp từ các loại đậu xanh, nành, trắng, đen và đậu đỏ mang đến cho bạn dinh dưỡng, thơm ngon. Bột ngũ cốc Vitapro bịch 400g tiện lợi, có thể pha nóng hoặc lạnh tùy theo sở thích của bạn. Bột dinh dưỡng Vitapro thơm ngon, dinh dưỡng, giúp bạn có năng lượng hoạt động mỗi ngày"
143,Yến mạch trái cây Sunrise bịch 300g,82000.0,0,0.0,Bột ngũ cốc,"Yến mạch trái cây được kết hợp với các loại yến mạch và trái cây sấy thơm ngon, hấp dẫn. Yến mạch trái cây Sunrise bịch 300g cung cấp cho bạn bữa ăn sáng hoặc bữa ăn phụ rất ngon miệng mà không sợ mập. Yến mạch Sunrise chất lượng, tiện lợi ăn kèm với sữa tươi và sữa chua sẽ ngon hơn."
144,Yến mạch trái cây Sunrise vị phô mai bịch 300g,97500.0,0,0.0,Bột ngũ cốc,"Yến mạch trái cây được kết hợp với vị phô mai và trái cây sấy thơm ngon, hấp dẫn. Yến mạch trái cây Sunrise vị phô mai bịch 300g cung cấp cho bạn bữa ăn sáng hoặc bữa ăn phụ rất ngon miệng mà không sợ mập. Yến mạch Sunrise chất lượng, tiện lợi ăn kèm với sữa tươi và sữa chua sẽ ngon hơn."
145,Ngũ cốc ăn sáng Nestlé Koko Krunch gói 50g,33000.0,0,0.0,Bột ngũ cốc,"Ngũ cốc, yến mạch Nestle chất lượng được nhiều người lựa chọn tin dùng. Ngũ cốc ăn sáng Nestlé Koko Krunch gói 50g chứa nhiều dưỡng chất và vitamin tốt cho sức khoẻ. Ngũ cốc giúp cung cấp năng lượng cho bữa ăn sáng tuyệt vời dành cho bạn."
146,Yến mạch ăn liền Quaker gói 300g,31500.0,0,0.0,Bột ngũ cốc,"Yến mạch Quaker chứa nhiều vitamin E, B6, B5 cùng khoáng chất như sắt, selen, magiê. Yến mạch ăn liền Quaker hộp 300g với vị ngon từ chocolate và nguồn dưỡng chất dồi dào từ yến mạch, đem đến nhiều lợi ích cho sức khỏe: giàu chất xơ hòa tan giúp giảm nguy cơ mắc bệnh tim mạch,..."
147,Granola Sunrise gói 300g,111000.0,0,0.0,Bột ngũ cốc,"Ngũ cốc, yến mạch Sunrise chất lượng được nhiều người lựa chọn tin dùng. Granola Sunrise gói 300g bổ sung chất đạm, chất xơ và các dưỡng chất cần thiết cho cơ thể bạn. Ngũ cốc là bữa sáng hoàn hảo dành cho bạn"
148,Trà ổi hồng Wil hộp 196g (14 gói x 14g),36000.0,0,0.0,Trà khô túi lọc,"Trà hòa tan tiện lợi từ thương hiệu trà Wil. Trà ổi hồng Wil hộp 272g là sự kết hợp hài hòa giữa lá trà thiên nhiên thanh mát cùng hương vị ổi hồng tươi ngon, sẽ mang đến cho bạn trải nghiệm về một thức uống độc đáo, thú vị giúp giải khát nhanh chóng, bổ sung vitamin C, cung cấp nước cho cơ thể"
149,Trà sữa Wil vị truyền thống hộp 170g (10 gói x 17g),41000.0,0,0.0,Trà khô túi lọc,"Trà hòa tan tiện lợi từ thương hiệu trà Wil. Trà sữa Wil vị truyền thống hộp 170g là sự kết hợp hài hòa giữa những lá trà thượng hạng cùng vị sữa thơm béo, sẽ mang đến cho ly trà sữa hương vị truyền thống đậm đà, thơm lừng chất lượng như tại quán, giải nhanh cơn thèm trà sữa ngay tại nhà"
150,Trà sữa Wil vị matcha hộp 170g (10 gói x 17g),43000.0,0,0.0,Trà khô túi lọc,"Trà hòa tan tiện lợi từ thương hiệu trà Wil. Trà sữa Wil vị matcha hộp 170g là sự kết hợp hài hòa giữa trà Matcha Nhật Bản cùng vị sữa thơm béo, sẽ mang đến cho ly trà sữa thơm lừng chất lượng như tại quán, giải nhanh cơn thèm trà sữa với vài bước vô cùng đơn giản"
151,Trà hoa nhài Kim Anh Green Cup gói 50g,37000.0,0,4.6667,Trà khô túi lọc,"Sản phẩm trà khô chất lượng hảo hạng từ thương hiệu trà Kim Anh. Trà hoa nhài Kim Anh Green Cup gói 50g từ trà xanh tuyển chọn kết hợp hoàn hảo cùng hoa nhài thơm ngát dễ chịu cho ra sản phẩm trà thơm ngon, đậm đà cùng hương thơm hấp dẫn. Cam kết chính hãng và chất lượng"
152,Trà hoa cúc Kim Anh Green Cup gói 50g,40000.0,0,0.0,Trà khô túi lọc,"Thức uống rất được ưa chuộng vì khả năng thanh nhiệt, làm mát cơ thể. Trà hoa cúc Kim Anh Green Cup gói 50g còn có nhiều lợi ích tuyệt vời cho sức khoẻ như điều trị chứng mất ngủ, ngăn ngừa ung thư, hỗ trợ tiêu hóa, tốt cho tim mạch, chăm sóc da,...Sản phẩm trà chất lượng thương hiệu trà Kim Anh"
153,Trà Nestea vị vải và hương hoa lài hộp 144g (12 gói x 12g),31000.0,0,0.0,Trà khô túi lọc,"Sản phẩm trà hòa tan tiện lợi của trà Nestea là sự hòa quyện hoàn hảo giữa vị vải thanh ngọt, tươi mát, thoảng hương thơm hoa lài nhẹ nhàng và dễ chịu trên nền trà đằm thắm, cho bạn cảm giác thư giãn sảng khoái vô cùng thích thú. Trà Nestea vị vải và hương hoa lài hộp 144g cam kết chất lượng"
154,Trà xanh Thái Nguyên Đại Gia cao cấp gói 200g,79000.0,0,0.0,Trà khô túi lọc,Trà Đại Gia chất lượng được tuyển chọn từ những lá trà tươi ngon nhất. Trà xanh Thái Nguyên Đại Gia cao cấp gói 200g với trà xanh được trồng và chăm sóc tốt tại vùng Thái Nguyên. Trà xanh sau khi được chế biến thành trà khô vẫn đảm bảo hương vị tự nhiên và màu sắc đẹp mắt.
155,Trà dâu Cozy Ice Tea hộp 240g (16 gói x 15g),35000.0,0,0.0,Trà khô túi lọc,"Là loại trà hòa tan tiện lợi thơm ngon, hương vị trà dâu cực hấp dẫn, được nhiều người yêu thích nhờ vị ngọt ngon tươi mát hòa chút vị chua chua tự nhiên, hài hòa. Trà dâu Cozy Ice Tea hộp (16 gói x 15g) chính hãng trà Cozy thơm đậm đà hòi hài hòa vị nhịp sống"
156,Trà nõn tôm Hùng Thái cao cấp gói 100g,60000.0,0,0.0,Trà khô túi lọc,"Sản phẩm trà khô chất lượng được tuyển chọn từ những búp trà xanh tôm nõn cao cấp tại vùng trồng chè đặc sản của tỉnh Thái Nguyên. Trà nõn tôm Hùng Thái cao cấp gói 100g chính hãng trà Hùng Thái có hương vị thơm ngon, màu nước trong xanh, hậu vị ngọt, hấp dẫn"
157,Trà đào cam sả Blendy hộp 88g (8 gói x 11g),31000.0,0,0.0,Trà khô túi lọc,"Sản phẩm chất lượng từ thương hiệu trà hòa tan dạng bột số 1 Nhật Bản, chính hãng trà Blendy rất được yêu thích. Trà đào cam sả Blendy hộp 88g là sự kết hợp hoàn hảo của đào ngọt lành, cam chua thanh cùng sả thơm mát, bổ sung viamin C giúp tăng cường miễn dịch và hình hành collagen"
158,Trà Atisô túi lọc LadoActiso hộp 200g (100 gói x 2g),90000.0,0,0.0,Trà khô túi lọc,"Trà túi lọc tiện lợi thơm ngon với nhiều công dụng cho sức khỏe của thương hiệu trà LadoActiso. Trà Atisô túi lọc LadoActiso hộp 200g với thành phần tự nhiên tốt cho cơ thể, hỗ trợ mát gan, lợi mật, lợi tiểu và tăng cường chức năng gan phù ợp cho người viêm gan, xơ gan, mẩn ngứa, chán ăn,..."
159,Trà sữa trân châu Hillway hộp 260g,54000.0,0,0.0,Trà khô túi lọc,"Trà sữa Hillway chính hãng thơm ngon, hương vị trà sữa trân châu Hoàng gia ngon như trà sữa quán rất được yêu thích. Trà sữa trân châu Hillway hộp 260g có gói trân châu thật, dai giòn sần sật vô cùng hấp dẫn, dạng trà hòa tan tiện lợi dễ dàng pha chế tại nhà cho bạn đã cơn thèm và nguồn năng lượng dồi dào, tươi mới"
160,Trà Lipton nhãn vàng hộp 50g (25 gói x 2g),43000.0,0,0.0,Trà khô túi lọc,"Sản phẩm được tuyển chọn từ trà đen 100% thương hạng từ từ những cánh đồng trà trên khắp thế giới. Trà Lipton nhãn vàng hộp 50g chính hãng trà Lipton xuất xứ từ Nhật Bản, hương vị đậm đà thơm ngon, bao bì đẹp, hiện đại, phù hợp làm quà tặng"
161,Trà xoài hạt chia Just Viet Gu Việt hộp 200g (10 gói x 20g),36000.0,0,0.0,Trà khô túi lọc,"Trà hòa tan tiện lợi thơm ngon kết hơp hương vị trái cây nhiệt đới và hạt chia thanh mát, đậm đà tinh chất trà đen. Trà xoài hạt chia Gu Việt hộp 200g chính hãng trà Just Viet trà đúng chất vị chuẩn gu, thanh nhẹ dễ chịu kết hợp cùng hạt chia giàu xơ và vitamin, thanh nhiệt chơ thể"
162,Trà vải hạt chia Just Viet Gu Việt hộp 200g (10 gói x 20g),36000.0,0,0.0,Trà khô túi lọc,"Trà hòa tan tiện lợi thơm ngon lại thanh mát với trái cây nhiệt đới và hạt chia nguyên chất tự nhiên dồi dào chấ xơ. Trà vải hạt chia Gu Việt hộp 200g chính hãng trà Just Viet trà đúng chất vị chuẩn gu, cho bạn món nước giải khát hấp dẫn, tươi mát mang đến nguồn năng lượng tươi tỉnh sảng khoái"
163,Trà sữa trân châu đường đen Ban Milk Tea 260g (5 gói trà sữa + 5 gói trân châu),33000.0,0,0.0,Trà khô túi lọc,"Trà sữa hòa tan thơm ngon, tiện lợi nhanh chóng, hương vị ô long nướng cực hấp dẫn. Trà sữa trân châu đường đen Ban Milk Tea 260g chính hãng thương hiệu trà sữa Ban Milk Tea thơm béo đậm vị kết hợp cùng gói trân châu đường đen dai sần sật càng ăn càng hấp dẫn"
164,Trà lài túi lọc Phúc Long hộp 50g (25 gói x 2g),37000.0,0,0.0,Trà khô túi lọc,"Trà là một loại đồ uống truyền thống có nhiều hương vị đa dạng, trong số đó trà lài được nhiều người yêu mến với hương thơm tinh tế. Trà Phúc Long được chế biến bằng phương pháp độc đáo, tạo nên một hương vị đặc trưng không thể nhầm lẫn. Trà lài túi lọc Phúc Long hộp 50g là sự hòa quyện tuyệt vời giữa hương lài và vị đắng nhẹ của trà xanh. Khi thưởng thức, bạn sẽ cảm nhận được sự hài hòa độc đáo của hai hương vị này, mang đến cảm giác khoan khoái và thư giãn cho cơ thể và tinh thần."
165,Trà ô long túi lọc Phúc Long hộp 50g (25 gói x 2g),39000.0,0,0.0,Trà khô túi lọc,"Trà là một loại đồ uống truyền thống có nhiều hương vị đa dạng, trong số đó trà Ô long được biết đến như một đại danh trà. Trà Phúc Long được chế biến bằng phương pháp độc đáo, tạo nên một hương vị đặc trưng không thể nhầm lẫn. Trà ô long túi lọc Phúc Long hộp 50g là một lựa chọn hoàn hảo cho những ai yêu thích trà Ô long và muốn tận hưởng một trải nghiệm trà tinh tế và đáng nhớ của loại trà này."
166,Trà mãng cầu Wil hộp 140g (5 gói trà + 5 gói topping) x 14g,46000.0,0,0.0,Trà khô túi lọc,"Trà mãng cầu Wil hộp 140g là sự kết hợp hoàn hảo giữa trà và topping mãng cầu tươi, tạo nên một thức uống tươi mới. Với nguyên liệu chất lượng, sản phẩm không chỉ mang lại hương vị tuyệt vời mà còn cung cấp Vitamin C quan trọng cho sức khỏe. Được chiết xuất thông qua công nghệ xông thăng hoa tiên tiến, giữ nguyên vị ngon của mãng cầu, mang đến trả trải nghiệm uống trà thư giãn và bổ sung dưỡng."
167,Rong biển tẩm nước tương Bibigo 50g,55000.0,0,0.0,Rong biển,"Rong biển vụn tẩm nước tương Hàn Quốc Bibigo gói 50g thơm ngon, hấp dẫn, lạ miệng, thích hợp ăn liền hoặc trộn với cơm, giúp kích thích vị giác khi ăn. Rong biển Bibigo là thương hiệu rong biển uy tín, chất lượng được nhiều người chọn mua."
168,Rong biển nấu canh Myeongga Bibigo 45g,44000.0,0,0.0,Rong biển,"Rong biển nấu canh Myeongga Bibigo 45g được làm từ rong biển Hàn Quốc chất lượng, thích hợp với nhiều món như nấu canh, xào, trộn, cháo, rim,.... Rong biển Bibigo là thương hiệu uy tín, chất lượng được nhiều người yêu thích lựa chọn."
169,Rong biển nấu canh Ottogi gói 50g,57000.0,0,0.0,Rong biển,"Rong biển nấu canh Ottogi gói 50g là sản phẩm dinh dưỡng, thanh mát. Rong biển có thể chế biến các món canh rong biển, gỏi rong biển, rong biển xào,... Rong biển Ottogi là thương hiệu uy tín, được nhiều người yêu thích sử dụng."
170,Rong biển nấu canh Ottogi gói 20g,27000.0,0,0.0,Rong biển,"Rong biển nấu canh Ottogi gói 20g là sản phẩm dinh dưỡng, thanh mát. Rong biển có thể chế biến các món canh rong biển, gỏi rong biển, rong biển xào,... Rong biển Ottogi là thương hiệu uy tín, được nhiều người yêu thích sử dụng."
171,3 gói rong biển tẩm dầu oliu O'food 4g,33000.0,0,0.0,Rong biển,"Lốc 3 gói rong biển ăn liền tẩm dầu oliu O'food 4g thơm ngon, dinh dưỡng. Rong biển O'food thơm ngon, với thành phần rong biển Hàn Quốc, được dùng để ăn liền hoặc cuộn cơm. Rong biển tẩm dầu oliu thơm, thích hợp cho cả gia đình."
172,Rong biển ăn liền vị Wasbi Bibigo lốc 3*5g,34000.0,0,0.0,Rong biển,"Rong biển Bibigo thơm ngon, chất lượng đươc nhiều người lựa chọn tin dùng. Rong biển ăn liền vị Wasbi Bibigo lốc 3*5g mang hương vị thơm ngon, đậm đà cho bữa ăn thêm tròn vị và hấp dẫn. Rong biển được làm từ nguyên liệu sạch, an toàn cho người sử dụng."
173,Rong biển ăn liền Bibigo vị BBQ lốc 3*5g,34000.0,0,0.0,Rong biển,"Rong biển Bibigo chất lượng được nhiều người lựa chọn tin dùng. Rong biển ăn liền Bibigo vị BBQ lốc 3*5g cung cấp nhiều loại Vitmain và dưỡng chất tốt cho sức khoẻ và cho bạn một bữa ăn thêm tròn vị. Rong biển được làm từ nguyên liệu sạch, an toàn cho người sử dụng."
174,Gia vị rắc cơm rắc rắc Tâm Minh vị rong biển mè hộp 48g,36000.0,0,0.0,Rong biển,"Gia vị rắc cơm rắc rắc Tâm Minh vị rong biển mè hộp 48g chất lượng được nhiều người yêu thích lựa chọn tin dùng. Thương hiệu gia vị rắc cơm kết hợp độc đáo của lúa mạch giòn rôm rốp mè đồi Tây Bắc béo bùi bùi cùng vị rong biển mằn mặn tạo nên một món ăn ngon, hấp dẫn và tiện lợi."
175,Lốc 2 gói rong biển ăn liền Tao Kae Noi Seasoned Laver vị truyền thống 4g,28000.0,0,0.0,Rong biển,Rong biển ăn liền Tao Kae Noi là loại biển chất lượng được nhiều người yêu thích. Lốc 2 gói rong biển ăn liền Tao Kae Noi Seasoned Laver vị truyền thống 4g mang hương vị thơm ngon giúp mang đến bữa ăn thêm tròn vị. Rong biển an toàn cho người sử dụng.
176,Lốc 2 gói rong biển ăn liền Tao Kae Noi Seasoned Laver vị cay 4g,28000.0,0,0.0,Rong biển,Rong biển ăn liền Tao Kae Noi là loại biển chất lượng được nhiều người yêu thích. Lốc 2 gói rong biển ăn liền Tao Kae Noi Seasoned vị cay 4g mang hương vị thơm ngon giúp mang đến bữa ăn thêm tròn vị. Rong biển an toàn cho người sử dụng.
177,Rong nho Tasami gói 20g,16000.0,0,0.0,Rong biển,"Rong nho Tasami chất lượng, an toàn được nhiều người yêu thích. Rong nho Tasami gói 20g dùng để ăn kèm với các món ăn khác, giúp bữa ăn gia đình của bạn thêm tròn vị và đậm đà. Rong nho có nguồn gốc xuất xứ rõ ràng, an toàn cho người sử dụng."
178,Rong nho Tasami xốt mè rang gói 35g,22000.0,0,0.0,Rong biển,"Rong nho Tasami chất lượng, an toàn được nhiều người yêu thích. Rong nho Tasami xốt mè rang gói 35g dùng để ăn kèm với các món ăn khác, giúp bữa ăn gia đình của bạn thêm tròn vị và đậm đà. Rong nho có nguồn gốc xuất xứ rõ ràng, an toàn cho người sử dụng."
179,Rong biển rắc cơm giòn tẩm nước tương Bibigo 30g,32000.0,0,0.0,Rong biển,Rong biển Bibigo chất lượng được nhiều người lựa chọn sử dụng. Rong biển rắc cơm giòn tẩm nước tương Bibigo 30g mang hương vị thơm ngon cho món cơm nhà bạn thêm phần đậm đà. Rong biển chứa các thành phần an toàn đảm bản sức khoẻ cho người sử dụng.
180,Combo 4 gói gia vị cơm rau non và cá nhỏ Tanaka Foods Nhật Bản 31g,198000.0,0,0.0,Rong biển,Gia vị rắc cơm Tanaka Foods là sản phẩm chất lượng được nhiều người lựa chọn sử dụng cho bữa ăn gia đình. 4 gói gia vị cơm rau non và cá nhỏ Tanaka Foods Nhật Bản 31g trộn cơm rau non và cá nhỏ có mùi thơm nhẹ nhàng của cá nhỏ chứa nhiều dinh dưỡng cùng vị mộc mạc thanh đạm của nước tương
181,4 gói gia vị trộn cơm rau non và cá hồi Tanaka Foods Nhật Bản 31g,198000.0,0,0.0,Rong biển,Gia vị rắc cơm Tanaka Foods là sản phẩm chất lượng được nhiều người lựa chọn sử dụng cho bữa ăn gia đình. 4 gói gia vị trộn cơm rau non và cá hồi Tanaka Foods Nhật Bản 31g trộn cơm rau non và cá cá nhỏ có mùi thơm nhẹ nhàng của cá hồi chứa nhiều dinh dưỡng cùng vị mộc mạc thanh đạm của nước tương
182,4 gói gia vị rắc cơm cá thu và rong biển Tanaka Foods Nhật Bản 18g,178000.0,0,0.0,Rong biển,"Gia vị rắc cơm Tanaka Foods là thương hiệu Nhật Bản được nhiều người lựa chọn sử dụng. 4 gói gia vị rắc cơm cá thu và rong biển Tanaka Foods 18g có hương vị truyền thống được yêu thích nhờ vị ngon từ nguyên liệu tự nhiên như cá nhỏ, vừng, rong biển và trứng."
183,4 gói gia vị rắc cơm cá hồi và mè rang Tanaka Foods Nhật Bản 30g,188000.0,0,0.0,Rong biển,"Gia vị rắc cơm Tanaka Foods là sản phẩm Nhật Bản được nhiều người lựa chọn sử dụng. 4 gói gia vị rắc cơm cá hồi và mè rang Tanaka Foods 30g giúp hấp thụ canxi dễ dàng, lấp đầy năng lượng canxi thường thiếu trong các bữa ăn hàng ngày."
184,Combo 4 gói gia vị rắc cơm cá ngừ nướng mirin Tanaka Foods Nhật Bản 12g,158000.0,0,0.0,Rong biển,"Gia vị rắc cơm Tanaka Foods tiện lợi, được nhiều người lựa chọn sử dụng cho bữa ăn nhanh của mình. 4 gói gia vị rắc cơm cá ngừ nướng mirin Tanaka Foods Nhật Bản 12g là sự kết hợp cân bằng giữa cá ngừ khô chất lượng cao nướng với rượu mirin thơm, rong biển và mè."
185,Pate gan Vissan gói 170g,29000.0,0,0.0,Thịt heo hộp,"Những món ăn ngon hết sẩy khi ăn kèm với pate: bánh mì, gà nấu pate tiêu xanh, bắp bò nấu pate, bánh pate sô… Pate gan heo Vissan hộp 170g được đóng hộp nhỏ gọn, tiện lợi sử dụng trong gia đình hoặc mang đi du lịch, dã ngoại. Pate Vissan nhỏ gọn dễ dàng bảo quản, dễ dàng đem theo và sử dụng."
186,Thịt heo Spam Classic Hormel Foods hộp 340g,130000.0,1,0.0,Thịt heo hộp,"Tiện lợi, thơm ngon, dinh dưỡng. Thịt heo Spam Classic Hormel Foods hộp 340g giúp tiết kiệm thời gian cho chị em nội trợ bận rộn nhưng vẫn muốn bữa ăn đầy đủ dưỡng chất. Heo hộp của thương hiệu heo hộp Hormel Foods chất lượng, đậm đà gia vị, ăn ngon mà không bị ngán."
187,Thịt heo Pork Luncheon Meat Classic Tulip hộp 200g,44000.0,1,0.0,Thịt heo hộp,"Heo hộp tiện lợi, thơm ngon và dinh dưỡng. Thịt heo Pork Luncheon Meat Classic Tulip hộp 200g  tiết kiệm thời gian nấu nướng cho những người bận rộn nhưng vẫn cũng cấp cho bạn và gia đình món ăn ngon, chất lượng và an toàn. Heo hộp Tulip đậm đà gia vị, kích thích vị giác, ăn không ngán."
188,Pate gan Hạ Long hộp 170g,30000.0,1,0.0,Thịt heo hộp,"Gồm thịt heo, gan heo,...được chọn lựa kĩ càng, quy trình chế biến được kiểm tra nghiêm ngặt, không lẫn tạp chất hóa học độc hại, luôn mang đến chất lượng tốt nhất cho người tiêu dùng. Pate gan heo Hạ Long hộp 170g đóng hộp nhỏ gọn, tiện lợi sử dụng trong gia đình hoặc mang đi du lịch, dã ngoại."
189,Pate gan Hạ Long hộp 90g,24500.0,0,0.0,Thịt heo hộp,"Gồm thịt heo, gan heo,...được chọn lựa kĩ càng, quy trình chế biến kiểm tra nghiêm ngặt, luôn mang đến pate hộp chất lượng tốt nhất cho người tiêu dùng. Pate gan heo Hạ Long hộp 90g nhỏ gọn, tiện lợi sử dụng trong gia đình hoặc mang đi du lịch, dã ngoại của thương hiệu pate hộp Hạ Long"
190,Sườn nấu đậu Hạ Long hộp 175g,35500.0,1,0.0,Thịt heo hộp,"Heo hôp tiện lợi, thơm ngon và dinh dưỡng. Sườn nấu đậu Hạ Long hộp 175g tiết kiệm thời gian nấu nướng cho những người bận rộn nhưng vẫn cũng cấp cho bạn và gia đình món ăn ngon, chất lượng và an toàn. Heo hộp Hạ Long đậm đà gia vị, kích thích vị giác, ăn không ngán."
191,Bò hai lát Vissan hộp 170g,37000.0,1,0.0,Thịt heo hộp,"Thành phần bao gồm thịt bò, thịt heo cùng các loại gia vị khác được chọn lựa kĩ càng. Với bò 2 lát Vissan hộp 170g của thương hiệu thịt bò hộp Vissan,  bạn sẽ tiết kiệm thời gian nấu ăn, chỉ cần làm nóng lại thịt bò hộp trước khi dùng là đã sẵn sàng cho một món ăn thơm ngon bổ dưỡng."
192,Pate gan đóng hộp Tulip gói 125g,32000.0,1,0.0,Thịt heo hộp,"Pate, thịt heo hộp được làm từ gan heo 46%, thịt heo,... những nguyên liệu an toàn, chất lượng, có thể ăn trực tiếp hoặc ăn kèm cơm, bánh mì, trộn salad,... Pate gan heo Tulip hộp 125g vô cùng tiện lợi và nhanh gọn. Pate Tulip an toàn, chất lượng và hấp dẫn"
193,Bò hai lát Hạ Long hộp 150g,21000.0,1,0.0,Thịt heo hộp,"Thành phần bao gồm thịt bò, thịt heo cùng các loại gia vị khác được chọn lựa kĩ càng. Với Bò hai lát Hạ Long hộp 150g của Hạ Long,  bạn sẽ rút ngắn được thời gian cho việc nấu ăn, chỉ cần làm nóng lại bò hộp trước khi dùng là đã sẵn sàng cho một món ăn thơm ngon bổ dưỡng."
194,Thịt heo Pork Luncheon Meat Classic Tulip hộp 340g,70000.0,1,0.0,Thịt heo hộp,"Thịt heo hộp tiện lợi, thơm ngon và dinh dưỡng. Thịt heo Pork Luncheon Meat Classic Tulip hộp 340g tiết kiệm thời gian nấu nướng cho những người bận rộn nhưng vẫn cũng cấp cho bạn và gia đình món ăn ngon, chất lượng và an toàn. Thịt heo hộp Tulip đậm đà gia vị, kích thích vị giác, ăn không ngán."
195,Thịt heo viên 3 phút Heo Cao Bồi Masan hộp 200g,32500.0,0,0.0,Thịt heo hộp,"Tiện lợi, thơm ngon và dinh dưỡng. Thịt heo viên 3 phút Heo Cao Bồi Masan hộp 200g chất lượng, kích thích vị giác, ăn nhiều mà không bị ngán. Sản phẩm phù hợp cho người bận rộn nhưng vẫn cung cấp đầy đủ chất dinh dưỡng cho gia đình."
196,Thịt heo hầm 3 Bông Mai Vissan hộp 150g,25000.0,0,0.0,Thịt heo hộp,"Thịt heo hộp thơm ngon, chất lượng. Thịt heo hầm 3 Bông Mai Vissan hộp 150g thơm đậm vị heo cùng với gia vị sấy ngào ngạt. Thịt heo chất lượng, nguồn cung cấp rõ ràng, yên tâm cho khách hàng. Thịt heo hộp Vissan là món ăn tiện lợi cho những ai bận rộn và tiết kiệm thời gian."
197,Heo hai lát Hạ Long hộp 150g,24500.0,0,0.0,Thịt heo hộp,"Tiện lợi, thơm ngon và dinh dưỡng. Heo hai lát Hạ Long hộp 150g tiết kiệm thời gian nấu nướng cho những người bận rộn nhưng vẫn cũng cấp cho bạn và gia đình món ăn ngon, chất lượng và an toàn. Heo hộp Hạ Long đậm đà gia vị, kích thích vị giác, ăn không ngán."
198,Thịt heo viên Heo Cao Bồi ăn liền vị xốt cà Masan hộp 200g,32500.0,0,0.0,Thịt heo hộp,"Thịt heo hộp thơm ngon với hương vị khó cưỡng từ thịt thật được vo viên và tẩm ướp xốt cà. Thịt heo viên Heo Cao Bồi ăn liền vị xốt cà Masan hộp 200g vô cùng tiện lợi, chỉ cần hâm nóng lên là thưởng thức ngay. Thịt heo hộp Masan chất lượng, an toàn và dinh dưỡng"
199,Pate thịt cột đèn Hải Phòng Hạ Long hộp 150g,24000.0,0,0.0,Thịt heo hộp,"Pate Hạ Long thơm ngon tiện lợi cho bữa ăn của bạn thêm phần hấp dẫn. Pate thịt đóng hộp cột đèn Hải Phòng Hạ Long hộp 150g được làm từ những nguyên liệu tươi ngon, chọn lọc kỹ lưỡng như thịt heo, gan heo. Pate thịt mang đến hương vị thơm ngon cho người dùng."
200,Pate thịt cột đèn Hải Phòng Hạ Long hộp 90g,19000.0,0,0.0,Thịt heo hộp,"Pate Hạ Long thơm ngon kích thích vị giác của người dùng. Pate thịt đóng hộp cột đèn Hải Phòng Hạ Long hộp 90g với thịt heo và gan heo được chọn lựa kỹ lưỡng tươi ngon an toàn đến sức khỏe người dùng. Pate hộp tiện lợi, cho bữa ăn thêm tròn vị đậm đà và không kém phần hấp dẫn."
201,Thịt áp chảo Ponnie hộp 200g,65000.0,0,0.0,Thịt heo hộp,"Thịt áp chảo Ponnie hộp 200g thơm ngon, hấp dẫn, có thể sử dụng để ăn liền hoặc ăn với cơm rất hấp dẫn. Heo hộp Ponnie là sản phẩm heo hộp được mọi người rất ưa chuộng, dinh dưỡng, tiện lợi."
202,Pate gan heo WYN 150g,22000.0,1,0.0,Thịt heo hộp,Pate gan Wyn là loại pate chất lượng được nhiều người lựa chọn sử dụng trong bữa ăn gia đình. Pate gan heo WYN 150g thơm ngon giúp cho các món ăn thêm tròn vị và đậm đà. Pate được làm từ những thành phần an toàn và được kiểm nghiệm nghiêm ngặt khi đến tay người dùng.
203,Thịt viên xốt cà chua Cây Thị,15000.0,1,0.0,Thịt heo hộp,Thịt Cây Thị là sản phẩm chất lượng được nhiều người yêu thích lựa chọn sử dụng. Thịt viên xốt cà chua Cây Thị 120g mang hương vị thơm ngon cho món ăn của bạn thêm đậm đà và hấp dẫn. Thịt được làm từ những thành phần an toàn cho người sử dụng.
204,Thịt viên xốt phô mai Cây Thị 120g,15000.0,0,0.0,Thịt heo hộp,Thịt Cây Thị là sản phẩm chất lượng được nhiều người yêu thích lựa chọn sử dụng. Thịt viên xốt phô mai Cây Thị 120g mang hương vị thơm ngon cho món ăn của bạn thêm đậm đà và hấp dẫn. Thịt được làm từ những thành phần an toàn cho người sử dụng.
205,Nước mắm cá cơm loại Biển Hưng Thịnh 10 độ đạm chai 900ml,32000.0,0,0.0,Nước mắm,"Nước mắm Hưng Thịnh được sản xuất từ cá cơm nguyên chất cùng công nghệ sản xuất hiện đại, khép kín. Nước mắm cá cơm loại Biển Hưng Thịnh chai 900ml được làm từ cá cơm tươi nguyên chất, muối biển,... tạo nên loại nước mắm mang hương vị thơm ngon và đậm đà."
206,Nước mắm Nam Ngư cá cơm tươi 32 độ đạm chai 500ml,58000.0,0,0.0,Nước mắm,"Nước mắm Nam Ngư đem đến cho người tiêu dùng Việt Nam những giọt nước mắm thơm ngon, sự lựa chọn hàng đầu của người Việt. Nước mắm Nam Ngư cá cơm tươi 32 độ đạm 500ml đậm đặc hơn, sánh quyện hơn, có hậu vị ngọt đặc trưng của cá, và màu vàng nâu mật ong."
207,Nước mắm cá cơm đặc sản Hưng Thịnh 40 độ đạm chai 220ml,32000.0,0,0.0,Nước mắm,"Nước mắm Hưng Thịnh được sản xuất từ cá cơm nguyên chất với công nghệ ủ mắm hoàn toàn mới, sản xuất theo quy trình khép kín. Nước mắm Hưng Thịnh đặc sản 40 độ đạm chai 220ml mang đến hương vị đậm đà, đặc trưng của nước mắm cá cơm nguyên chất cùng độ đạm cao, mang đến những bữa ăn tuyệt vời."
208,Nước mắm cá cơm 584 Nha Trang 15 độ đạm can 2 lít,60000.0,0,0.0,Nước mắm,"Nước mắm 584 Nha Trang là thương hiệu nước mắm truyền thống được người tiêu dùng Việt yêu thích. Nước mắm cá cơm 584 Nha Trang 15 độ đạm bình 2L có hương vị đậm đà với vị thơm ngọt của cá cơm tươi, mang đến những bữa cơm đầm ấm. Dung tích lớn giúp người dùng tiết kiệm hơn."
209,Nước mắm Vị Xưa Barona 20 độ đạm chai 500ml,43000.0,0,0.0,Nước mắm,"Nước mắm Barona tự hào với nguồn nước mắm được ủ bằng phương pháp thủ công, tạo nên từng giọt nước chấm sóng sánh, vị đậm đà của nước mắm xưa. Nước mắm Vị Xưa Barona 20 độ đạm chai 500ml sử dụng nguồn nguyên liệu nước mắm Phú Quốc, cam kết không chất bảo quản, không đường tổng hợp."
210,Nước mắm Nam Ngư nhãn vàng 14 độ đạm chai 650ml,48000.0,0,0.0,Nước mắm,"Nước mắm Nam Ngư đem đến cho người tiêu dùng những giọt nước mắm thơm ngon, là sự lựa chọn hàng đầu của người Việt. Nước mắm Nam Ngư nhãn vàng chai 650ml có hơn 15 loại axit amin cần thiết cho cơ thể, đậm đặc hơn, sánh quyện hơn, có hậu vị ngọt đặc trưng của cá, và màu vàng nâu mật ong."
211,Nước mắm đặc biệt Hải Nhi Barona 40 độ đạm chai 50ml,25000.0,0,0.0,Nước mắm,"Nước mắm Barona được chiết xuất từ cá cơm và muối biển, không dùng chất bảo quản, không chất phụ gia. Nước mắm Barona Hải Nhi chai 50ml là loại nước mắm dùng chấm, ướp, dùng làm gia vị cho các món ăn hằng ngày hoặc dùng làm gia vị nấu các món ăn bổ dưỡng cho trẻ nhỏ."
212,Nước mắm cá cơm Hạnh Phúc 50 độ đạm chai 250ml,55800.0,0,0.0,Nước mắm,"Nước mắm Hạnh Phúc là sự lựa chọn hợp lý cho các bữa ăn, nên sử dụng nguyên chất không cần pha chế thêm. Nước mắm Hạnh Phúc 50 độ đạm chai 250ml mang đậm hương vị đặc trưng của nước mắm hảo hạng vừa có vị đậm đà của nước mắm truyền thống."
213,Nước mắm hương cá hồi hảo hạng Chinsu 20 độ đạm chai 500ml,44000.0,0,0.0,Nước mắm,"Là loại nước mắm hảo hạng với hương thơm cá hồi đặc trưng đậm đà, tròn vị, dậy mùi thơm, thích hợp chấm, ướp, nấu đều ngon đến từ thương hiệu nước mắm Chinsu. Nước mắm hương cá hồi hảo hạng Chinsu chai 500ml luôn được tin dùng bởi hàng triệu gia đình Việt."
214,Nước mắm cá cơm Thuận Phát 30 độ đạm chai 610ml,48000.0,0,0.0,Nước mắm,"Nước mắm Thuận Phát được sản xuất theo phương pháp truyền thống kết hợp quy trình kiểm định khép kín, đảm bảo chất lượng, mùi vị thơm ngon của nước mắm nguyên chất. Nước mắm cá cơm Thuận Phát 30 độ đạm chai 610ml mang đến hương vị từ những nguyên liệu tươi ngon từ chính thổ nhưỡng của Việt Nam."
215,Nước mắm cá cơm Thuận Phát 60 độ đạm chai 490ml,140000.0,0,0.0,Nước mắm,"Nước mắm Thuận Phát được sản xuất theo phương pháp truyền thống kết hợp quy trình kiểm định khép kín, đảm bảo chất lượng. Nước mắm cá cơm Thuận Phát 60 độ đạm 490ml tròn vị từ cá cơm, thơm ngon, đậm đà, cho bữa ăn Việt không những trọn vẹn mà nước mắm còn giàu vitamin B12 và sắt cho cơ thể."
216,Nước mắm cá cơm than Thuận Phát 10 độ đạm chai 740ml,37000.0,0,0.0,Nước mắm,"Nước mắm Thuận Phát được sản xuất theo phương pháp truyền thống kết hợp quy trình kiểm định khép kín, đảm bảo mùi vị thơm ngon của nước mắm nguyên chất. Nước mắm cá cơm than Thuận Phát chai 740ml mang đến hương vị từ những nguyên liệu cá cơm than giàu đạm, thơm ngon."
217,Nước chấm Ông Tây chai 900ml,21000.0,0,0.0,Nước mắm,"Nước mắm Ông Tây là loại nước mắm được sản xuất trên dây chuyền công nghệ hiện đại của Nhật và Đài Loan. Nước chấm Ông Tây 900ml bổ sung hơn 15 loại axit amin cùng hương cá hồi thơm ngon, vị đậm đà, không quá mặn rất thích hợp dùng để chấm và nêm nếm món ăn."
218,Nước mắm Chinsu cá cơm biển đông 25 độ đạm chai 720ml,52000.0,0,0.0,Nước mắm,"Nước mắm Chinsu là thương hiệu nước mắm được sản xuất theo quy trình hiện đại, khép kín, đảm bảo vệ sinh thực phẩm. Nước mắm Chinsu cá cơm biển Đông chai 720ml làm từ cá cơm tươi biển đông, ngoài ra sản phẩm còn được giảm bớt vị mặn để phù hợp với nhu cầu người dùng."
219,Nước chấm Đầu Bếp Tôm chai 900ml,18000.0,0,0.0,Nước mắm,"Nước mắm của thương hiệu nước mắm Đầu Bếp Tôm được chế biến từ những con tôm tươi được tuyển chọn. Nước chấm Đầu Bếp Tôm chai 900ml được làm từ cốt tôm thật, với vị mặn dịu và ngọt nhẹ, giúp tăng thêm hương vị cho các món ăn hằng ngày."
220,Nước mắm nhỉ cá cơm 584 Nha Trang 60 độ đạm chai 60ml,18000.0,0,0.0,Nước mắm,Nước mắm 584 Nha Trang thơm ngon là sự lựa chọn tuyệt vời cho bữa ăn gia đình bạn. Nước mắm nhỉ 584 Nha Trang 60 độ đạm chai 60ml với thành phần chính là cá cơm tươi an toàn cho người dùng. Nước mắm là nguyên liệu cần thiết dùng để chấm hoặc làm gia vị trong các món ăn của mỗi nhà.
221,Nước mắm nhỉ cá cơm 584 Nha Trang 60 độ đạm chai 200ml,58000.0,0,0.0,Nước mắm,"Nước mắm 584 Nha Trang thơm ngon cho bữa ăn gia đình bạn thêm tròn vị. Nước mắm nhỉ 584 Nha Trang 60 độ đạm chai 200ml với thành phần chính là cá cơm tươi đậm đà, làm tăng phần hấp dẫn cho món ăn. Nước mắm được sản xuất theo chu trình nghiêm ngặt, đảm bảo an toàn cho người dùng."
222,Nước mắm nhỉ 584 Nha Trang 35 độ đạm chai 510ml,61000.0,0,0.0,Nước mắm,"Nước mắm 584 Nha Trang với hương vị thơm ngon là sự lựa chọn tuyệt vời dành cho gia đình bạn. Nước mắm nhỉ 584 Nha Trang 35 độ đạm chai 510ml với thành phần chính là cá cơm tươi ngon cho ra những giọt nước mắm đậm vị. Nước mắm được sản xuất theo chu trình nghiêm ngặt, an toàn cho người dùng"
223,Nước mắm cá cơm Thuận Phát 40 độ đạm chai 610ml,78000.0,0,0.0,Nước mắm,"Nước mắm Thuận Phát là dòng sản phẩm nước mắm sản xuất theo phương pháp truyền thống, không chất bảo quản, không màu và chất tạo ngọt nhân tạo. Nước mắm cá cơm Thuận Phát 610ml với vị đậm đà từ 3 loại cá cơm giàu đạm của Phú Quốc, không những thơm ngon còn rất bổ dưỡng."
224,Nước mắm Liên Thành hương nhẹ 30 độ đạm chai 500ml,72000.0,0,0.0,Nước mắm,"Nước mắm Liên Thành hương nhẹ 30 độ đạm chai 500ml ứng dụng công nghệ lọc hương loại bỏ mùi nặng, cho không gian bếp luôn thơm tho, không ám mùi khó chịu. Nước mắm Liên Thành là thương hiệu nước mắm truyền thống lâu đời từ năm 1906."
225,Nước mắm chay Maggi cốt táo chai 450ml,40000.0,0,0.0,Nước mắm,"Nước mắm Maggi chất lượng là sự lựa chọn tuyệt vời dành cho gia đình bạn. Nước mắm chay Maggi cốt táo chai 450ml thơm ngon đến giọt cuối cùng, chiết xuất từ nước cốt táo độc đáo, mới lạ mang lại cho bữa ăn thêm tròn vị và hấp dẫn. Nước mắm được làm từ những thành phần an toàn cho người sử dụng."
226,Nước mắm cá cơm 3 Miền nhãn vàng 10 độ đạm chai 900ml,23000.0,0,0.0,Nước mắm,"Nước mắm cá cơm 3 Miền nhãn vàng 10 độ đạm chai 900ml gấp đôi độ đạm từ nước mắm cá cơm nguyên chất, giúp món ăn trở nên đậm đà, hài hòa hơn. Nước mắm 3 Miền có màu vàng nâu sóng sánh và hương thơm đặc trưng."
227,Nước mắm cá cơm Cholimex 40 độ đạm chai 500ml,52000.0,0,0.0,Nước mắm,"Nước mắm cá cơm Cholimex 40 độ đạm chai 500ml thơm ngon từng giọt với nguyên liệu chính là cá cơm Phú Quốc. Nước mắm Cholimex được sản xuất trên dây chuyền khép kín, đáp ứng tiêu chuẩn chất lượng cao, nước mắm Cholimex 40 độ đạm mang hương vị đậm đà, thơm ngon của nước mắm truyền thống Phú Quốc chính hiệu."
228,Nước mắm Thuận Phát cá hồi tỏi đen 20 độ đạm chai 490ml,45000.0,0,0.0,Nước mắm,"Nước mắm Thuận Phát cá hồi tỏi đen 20 độ đạm chai 490ml kết hợp từ nước mắm cá cơm cùng chiết xuất cá hồi, tỏi đen thơm ngon, mang đến hương vị nước mắm ngon sánh đậm, giàu dưỡng chất. Nước mắm Thuận Phát chứa đến 15 axit amin và vitamin B3, tốt cho sức khỏe người sử dụng."
229,"Nước chấm Nam Ngư Siêu Tiết Kiệm can 1,8 lít",23000.0,0,0.0,Nước mắm,"Nước chấm Nam Ngư Siêu Tiết Kiệm can 1,8 lít được làm từ nước mắm cốt cá cơm, mang đến hương vị thơm ngon, không bị mặn gắt, dễ dàng nêm nếm, pha chế nước chấm cho đa dạng món ăn. Nước mắm Nam Ngư là thương hiệu nước mắm nổi tiếng, đạt chuẩn an toàn vệ sinh thực phẩm, được rất nhiều người tiêu dùng Việt tin dùng."
230,Nước mắm cá cơm than Knorr 15 độ đạm chai 750ml,53000.0,0,0.0,Nước mắm,"Nước mắm Knorr là dòng sản phẩm nước mắm được làm từ 95% cá cơm than tươi. Nước mắm Knorr ngon tròn vị chai 750ml với vị ngọt nguyên bản của cá cơm, đậm ngọt hài hòa, không bị mặn gắt, cùng hương thơm dịu từ đạm cá tự nhiên."
231,Nước chấm cá cơm Đầu Bếp Đại Tiết Kiệm chai 800ml,11000.0,0,0.0,Nước mắm,"Nước mắm Đầu Bếp được sản xuất theo công nghệ hiện đại với dây chuyền khép kín, góp phần bảo vệ sức khỏe cho người tiêu dùng. Nước chấm cá cơm Đầu bếp đại tiết kiệm chai 800ml chiết xuất từ nước mắm tinh cốt cá cơm, muối, nước, đường,... thích hợp dùng để chấm trực tiếp hoặc tẩm ướp các món ăn."
232,Nước mắm cao cấp cốt nhĩ tôm Đầu Bếp Tôm 18 độ đạm chai 500ml,59000.0,0,0.0,Nước mắm,"Nước mắm cao cấp cốt nhĩ tôm Đầu Bếp Tôm 18 độ đạm chai 500ml đậm đà, thơm ngon tự nhiên từ tôm thật, nước mắm Đầu Bếp Tôm cốt nhĩ tôm là dòng nước mắm cao cấp với nguồn nguyên liệu chất lượng, đảm bảo an toàn cho sức khỏe người tiêu dùng."
233,Nước mắm cá cơm than Knorr 15 độ đạm chai 242ml,13000.0,0,0.0,Nước mắm,"Nước mắm cá cơm than Knorr 15 độ đạm chai 242ml được làm từ 95% cá cơm than tươi, nước mắm Knorr có vị ngọt nguyên bản của cá cơm, đậm ngọt hài hòa, nước mắm Knorr với hương thơm dịu từ đạm cá tự nhiên, mang đến vị ngon đậm đà, hấp dẫn cho các món ăn hằng ngày."
234,"Nước chấm Đầu Bếp Tôm chai 1,8 lít",22000.0,0,0.0,Nước mắm,"Nước mắm Đầu Bếp Tôm thơm ngon, đậm đà được nhiều chị em nội trợ tin dùng và lựa chọn. Nước chấm Đầu Bếp Tôm chai 1,8 lít mang hương thơm đặc trưng, đậm đà đến khó cưỡng. Quy trình chế biến ra nước mắm an toàn đã được kiểm nghiệm nghiêm ngặt nên bạn có thể yên tâm sử dụng."
235,Dầu thực vật Good Meall can 2 lít,69500.0,0,0.0,Dầu ăn,"Dầu thực vật Good Meall được sản xuất từ dầu olein, đây là loại dầu ăn không có cholesterol, bảo đảm an toàn cho sức khỏe người sử dụng. Dầu thực vật Good Meall can 2 lít chứa nhiều Vitamin rất tốt đối với những người mắc bệnh tim mạch, người cao tuổi."
236,Dầu ăn cao cấp Meizan Gold chai 1 lít,47000.0,0,0.0,Dầu ăn,"Dầu ăn Meizan là loại dầu ăn có khả năng chịu nhiệt cao, giúp giảm nguy cơ cháy khét cho các món chiên, xào. Dầu ăn cao cấp Meizan Gold chai 1 lít kết hợp hoàn hảo từ 3 loại dầu tự nhiên cao cấp: Dầu hướng dương, dầu đậu nành và dầu olein, an toàn cho sức khỏe người sử dụng."
237,Dầu ăn cao cấp Meizan Gold can 2 lít,104000.0,0,0.0,Dầu ăn,"Là dòng dầu ăn rất được ưa chuộng của thương hiệu dầu ăn Meizan. Dầu ăn cao cấp Meizan Gold can 2 lít với công thức vàng kết hợp 3 loại dầu: dầu hướng dương, dầu đậu nành và dầu olein mang đến cho người tiêu dùng sản phẩm dầu ăn cao cấp, bổ dưỡng."
238,Dầu dừa tinh khiết Vietcoco chai 500ml,68000.0,0,0.0,Dầu ăn,"Sản phẩm dầu dừa của thương hiệu dầu ăn Vietcoco có độ tinh khiết cao và giữ trọn được các dưỡng chất quý giá. Dầu dừa nguyên chất Organic Vietcoco 500ml sử dụng nguồn nguyên liệu đạt chuẩn hữu cơ của Mỹ và Châu Âu (USDA, EU Organic), không hoá chất độc hại, tốt cho sức khoẻ."
239,Dầu dừa nguyên chất tinh luyện Vietcoco chai 1 lít,55000.0,0,0.0,Dầu ăn,"Dầu ăn Vietcoco là sản phẩm của quá trình tinh luyện, giữ được hương vị và tinh chất đặc trưng của dầu dừa sau khi chế biến. Ngoài việc sử dụng dầu dừa nguyên chất tinh luyện Vietcoco 1 lít để nấu nướng như các loại dầu ăn khác, bạn còn có thể dùng để làm bánh và các món ăn chay."
240,Dầu ăn thượng hạng Neptune Light chai 1 lít,57000.0,0,0.0,Dầu ăn,"Là dòng dầu ăn thượng hạng của thương hiệu dầu ăn Neptune. Sản phẩm Dầu ăn thượng hạng Neptune Light can 1 lít không chứa cholesterol, đặc biệt với công thức Healthy GP giúp cơ thể giảm hấp thụ cholesterol từ thực phẩm, nên rất an toàn cho sức khỏe."
241,Dầu mè thơm Tường An chai 100ml,35000.0,0,0.0,Dầu ăn,"Được rang ép từ 100% hạt mè tự nhiên, hoàn toàn không chất tạo màu và không chất bảo quản, giúp giữ trọn hương vị đặc trưng của hạt mè, dậy mùi vị hấp dẫn cho món ăn. Đặc biệt với công nghệ rang, ép hiện đại giúp loại bỏ tạp chất, an toàn cho sức khỏe."
242,Dầu thực vật tinh luyện Orchid can 2 lít,75000.0,0,0.0,Dầu ăn,"Dầu ăn Orchid là thương hiệu dầu ăn sản xuất từ nguyên liệu tự nhiên với công nghệ tinh chế hiện đại cùng giá thành phải chăng. Dầu thực vật tinh luyện Orchid can 2 lít thích hợp cho chiên, xào và nấu các món ăn chay, ngoài ra còn bổ sung Vitamin A rất tốt cho sức khỏe người tiêu dùng."
243,Dầu thực vật tinh luyện Bếp Hồng chai 1 lít,33500.0,0,0.0,Dầu ăn,"Dầu thực vật tinh luyện Bếp Hồng chai 1 lít không sử dụng chất bảo quản, bổ sung năng lượng và vitamin A, E tốt cho cơ thể. Dầu ăn Bếp Hồng là thương hiệu dầu ăn thông dụng, được rất nhiều người tiêu dùng ưa chuộng bởi chất lượng cùng giá thành tốt trên thị trường."
244,Dầu thực vật tinh luyện Bếp Hồng can 5 lít,165000.0,0,0.0,Dầu ăn,"Dầu thực vật tinh luyện Bếp Hồng can 5 lít đạt tiêu chuẩn ISO 22000, giàu vitamin A, E tự nhiên tốt cho cơ thể. Dầu ăn Bếp Hồng là thương hiệu dầu ăn chất lượng, không sử dụng chất bảo quản, dùng để chiên, xào, làm bánh, trộn rau, sốt trứng hoặc nấu các món chay."
245,Dầu đậu nành nguyên chất Simply can 5 lít,287000.0,0,0.0,Dầu ăn,"Dầu ăn của thương hiệu dầu ăn Simply đều được làm từ những nguyên liệu được chọn lọc kỹ càng. Dầu đậu nành Simply nguyên chất can 5 lít bổ sung Omega 3, 6, 9 có lợi cho sức khỏe và sự phát triển của não bộ, giúp cho tim luôn khỏe mạnh, cùng dung tích can lớn tiết kiệm hơn."
246,Dầu đậu nành Happi Soya chai 1 lít,66500.0,0,0.0,Dầu ăn,"Được làm từ 100% dầu đậu nành nguyên chất tinh luyện, vitamin A. Sản phẩm giàu 3, 6, 9 sẽ giúp làm giảm nguy cơ tăng Cholesterol trong máu, tăng cường hệ thống miễn dịch, cho bạn nguồn dinh dưỡng tuyệt vời và một trái tim khoẻ mạnh."
247,Dầu đậu nành Meizan chai 1 lít,68000.0,0,0.0,Dầu ăn,"Dầu đậu nành của thương hiệu dầu ăn Meizan rất giàu Omega 3, 6 tốt cho hệ tim mạch. Dầu đậu nành Meizan chai 1 lít dùng được cho cả những tín đồ ăn chay, vô cùng tiện dụng, đồng thời cung cấp các dưỡng chất quan trọng như Vitamin A và E từ thiên nhiên, đem lại nhiều lợi ích về sức khỏe."
248,Dầu đậu nành Happi Soya can 2 lít,136000.0,0,0.0,Dầu ăn,"Dầu đậu nành Happi Soya là loại dầu ăn không chỉ chịu được nhiệt độ đun nấu cao (>170 độ C) mà còn chứa Omega-3, 6, 9, vitamin A và E. Dầu đậu nành nguyên chất Happi Soya can 2 lít tinh chế 100% từ hạt đậu nành chọn lọc, tăng cường hệ miễn dịch, cho bạn một trái tim khoẻ mạnh."
249,Dầu đậu nành tinh luyện Janbee can 2 lít,133000.0,0,0.0,Dầu ăn,"Dầu đậu nành tinh luyện Janbee 2 lít có màu sáng trong và mùi nhẹ, thích hợp để chế biến món ăn như chiên, xào, trộn salad và làm nước sốt. Dầu ăn Janbee là một trong những loại dầu thực vật được sử dụng phổ biến bởi những lợi ích tuyệt vời cho sức khỏe."
250,Dầu đậu nành Meizan can 2 lít,136000.0,0,0.0,Dầu ăn,"Dầu đậu nành Meizan can 2 lít cung cấp các dưỡng chất quan trọng như Vitamin A và E từ thiên nhiên, giàu Omega 3, 6 tốt cho hệ tim mạch. Dầu đậu nành của nhãn hiệu dầu ăn Meizan sản xuất theo công nghệ của Châu Âu, đạt chuẩn vệ sinh an toàn thực phẩm."
251,Dầu đậu nành nguyên chất Simply chai 1 lít,55500.0,0,0.0,Dầu ăn,Dầu đậu nành nguyên chất Simply chai 1 lít chứa tới 80% axit béo chưa bão hoà cùng lượng lớn chất chống oxy hoá giúp làm giảm lượng cholesterol xấu trong máu và cho bạn một trái tim khoẻ mạnh. Dầu ăn Simply là nhãn hiệu dầu ăn duy nhất được Hội Tim Mạch Học Việt Nam khuyên dùng.
252,Dầu hướng dương Solnechnyy Venets chai 1 lít,70000.0,0,0.0,Dầu ăn,Dầu hướng dương Solnechnyy Venets chai 1 lít được chiết xuất từ 100% hạt hướng dương không biến đổi gen qua công nghệ ép lạnh hiện đại. Dầu ăn Solnechnyy Venets là hương hiệu dầu ăn xuất xứ từ Liên Bang Nga và được sử dụng phổ biến tại nhiều nước trên thế giới.
253,Dầu đậu nành tinh luyện Janbee chai 1 lít,66500.0,0,0.0,Dầu ăn,"Dầu đậu nành tinh luyện Janbee chai 1 lít có màu sáng trong và mùi thơm nhẹ, dầu ăn Janbee là dầu thực vật thích hợp để chế biến nhiều món ăn như chiên, xào, trộn salad và làm nước sốt, tăng thêm hương vị thơm ngon đậm đà cho món ăn."
254,Dầu đậu nành Meizan can 5 lít,290000.0,0,0.0,Dầu ăn,"Dầu đậu nành Meizan can 5 lít chiết xuất từ 100% hạt đậu nành được chọn lọc kỹ lưỡng. Dầu đậu nành nguyên chất của nhãn hiệu dầu ăn Meizan không chứa cholesterol, không chất bảo quản, không chất tạo màu và không a-xít béo cấu hình Trans (theo khuyến nghị của FDA)."
255,Bột chiên giòn Tấn Sang gói 150g,7600.0,0,0.0,Bột chế biến sẵn,"Nguyên liệu an toàn từ bột mì, bột gạo, bột bắp, bột năng, chất tạo xốp, muối,...Bột chiên giòn Tấn Sang gói 150g tiện dụng, được căn chỉnh hoàn hảo, cho món chiên giòn rụm thơm ngon. Bột chiên Tấn Sang mịn, thơm và tiện lợi cho những món chiên, đậm đà không ngán"
256,Bột năng Tấn Sang gói 400g,13000.0,0,0.0,Bột chế biến sẵn,"Bột bắp tạo độ sánh sệt dùng làm các món súp, món xào và tăng độ giòn cho các món tẩm chiên. Bột năng Tấn Sang gói 400g với 100% bột năng giúp bạn tạo nên những món ăn ngon. Bột Tấn Sang là thương hiệu nổi tiếng về chất lượng bột."
257,Bột bắp Tấn Sang gói 150g,7000.0,0,0.0,Bột chế biến sẵn,"Bột bắp tạo độ sánh sệt dùng làm các món súp, món xào và tăng độ giòn cho các món tẩm chiên. Bột bắp Tấn Sang gói 150g với 100% bột bắp giúp bạn tạo nên những món ăn ngon. Bột Tấn Sang là thương hiệu nổi tiếng về chất lượng bột."
258,Bột cốt dừa Tấn Sang gói 50g,8000.0,0,0.0,Bột chế biến sẵn,"Bột cốt dừa thơm, ngậy thường được dùng làm nguyên liệu nấu chè hoặc các món soup. Bột cốt dừa Tấn Sang gói 50g được làm từ bột sữa dừa, tiện lợi và vẫn thơm ngon, tạo nên hương vị hoàn hảo cho món ăn. Bột cốt dừa Tấn Sang chất lượng, được nhiều người tin chọn"
259,Bột chuối chiên Tấn Sang gói 150g,8000.0,0,0.0,Bột chế biến sẵn,"Bột chuối chiên là sự hòa trộn tuyệt vời của bột gạo, bột bắp, bột lúa mì, tinh bột khoai mì, muối, bột nghệ... Bột Tấn Sang theo bí quyết riêng của các chuyên gia ẩm thực. Bột chuối chiên Tấn Sang gói 150g nhằm đem lại vị nguyên bản nhất cho những chiếc bánh xèo đậm chất Việt Nam."
260,Bột bánh rán Ajinomoto gói 150g,32000.0,0,0.0,Bột chế biến sẵn,"Với nguyên liệu bột mì, đường, trứng, ....tạo nên lớp bột mịn, thơm. Bột bánh rán Ajinomoto pha sẵn túi 150g tiện lợi, dễ sử dụng tạo nên những chiếc bánh rán thơm ngon, hảo hạng tự tay làm ngay lại nhà. Bột Ajinomoto là thương hiệu bột lớn tại Việt Nam được nhiều người tin dùng"
261,Bột bánh xèo cốt dừa Tấn Sang gói 400g,19000.0,0,0.0,Bột chế biến sẵn,"Bột bánh xèo cốt dừa là sự hòa trộn tuyệt vời của bột gạo, bột bắp, bột lúa mì, tinh bột khoai mì, bột cốt dừa, muối, bột nghệ... theo bí quyết riêng của các chuyên gia ẩm thực. Bột bánh xèo cốt dừa Tấn Sang gói 400g nhằm đem lại vị nguyên bản nhất cho những chiếc bánh xèo đậm chất Việt Nam."
262,Bột rau câu giòn Bà Bảy gói 10g,11000.0,0,0.0,Bột chế biến sẵn,"Sản phẩm được đóng thành gói dễ sử dụng như xé, mở,... với khối lương 10g nhưng lượng rau câu tạo ra không ít, đủ cho gia đình thưởng thức. Bột rau câu giòn Bà Bảy gói 10g để đem đến cho chúng ta gói sản phẩm tiện lợi chỉ mất 10 phút là có ngay món ngon thưởng thức rồi đấy."
263,Bột rau câu giòn Bà Bảy 25g,19000.0,0,0.0,Bột chế biến sẵn,"Sản phẩm được đóng thành gói dễ sử dụng như xé, mở,... với khối lương 25g nhưng lượng rau câu tạo ra không ít, đủ cho gia đình thưởng thức. Bột rau câu giòn Bà Bảy gói 25g để đem đến cho chúng ta gói sản phẩm tiện lợi chỉ mất 10 phút là có ngay món ngon thưởng thức rồi đấy."
264,Bột rau câu dẻo Bà Bảy gói 10g,11000.0,6,4.0,Bột chế biến sẵn,"Sản phẩm được đóng thành gói dễ sử dụng như xé, mở,... với khối lương 10g nhưng lượng rau câu tạo ra không ít, đủ cho gia đình thưởng thức. Bột rau câu dẻo Bà Bảy 10g để đem đến cho chúng ta gói sản phẩm tiện lợi chỉ mất 10 phút là có ngay món ngon thưởng thức rồi đấy."
265,Bột sương sáo đen Bà Bảy gói 50g,14000.0,5,5.0,Bột chế biến sẵn,Bột sương sáo đen Bà Bảy gói 50g là một sản phẩm của Bà Bảy được nhiều người đón nhận và ưa thích hiện nay. Sản phẩm được đóng gói giúp dễ mở ra khi chế biến. Khối lượng 50g giúp bạn thỏa thích chế biến cho cả gia đình ăn đấy nhé. Cách làm rất đơn giản để pha bột tại nhà.
266,Bột baking soda tinh khiết Caster Daily hộp 454g,45000.0,2,0.0,Bột chế biến sẵn,"Bột Caster Daily được biết đến với các sản phẩm chất lượng, an toàn từ Đức. Baking soda tinh khiết Caster Daily hộp 454g chứa 100% baking soda tinh khiết, không chỉ làm bánh mà còn còn có thể làm sạch rau củ, quần áo, làm trắng răng...Đây xứng đáng là loại bột đa dụng bạn nên có trong căn bếp."
267,Rau câu dẻo con rồng Konkon gói 12g,10500.0,5,0.0,Bột chế biến sẵn,"Rau câu dẻo Konkon thơm ngon, giúp bạn chế biến những chiếc bánh rau câu dẻo dai vô cùng hấp dẫn. Rau câu dẻo con rồng Konkon gói 12g tiện lợi, dễ chế biến lại. Bột rau câu có thể kết hợp cùng với trái cây và các nguyên liệu khác tạo nên những chiếc bánh hấp dẫn cho gia đình"
268,Bột sương sáo đen con rồng Konkon gói 50g,16500.0,0,0.0,Bột chế biến sẵn,"Bột sương sáo Konkon giúp bạn chế biến thành công những món đông sương sáo thanh mát. Bột sương sáo đen con rồng Konkon gói 50g có thể kết hợp cùng trái cây và những nguyên liệu khác tạo nên những món sương sáo chất lượng, tốt cho sức khỏe"
269,Bột tàu hủ Thu Hiên Sigapore gói 90g,34000.0,0,0.0,Bột chế biến sẵn,"Bột Thu Hiên chất lượng, được làm từ những thành phần an toàn được nhiều người lựa chọn tin dùng. Bột tàu hủ Thu Hiên Sigapore gói 90g thơm ngon, tiện lợi cho món ăn vặt. Bột với cách chế biến đơn giản không mất quá nhiều thời gian chế biến."
270,Bột rau câu Jelly Powder Thu Hiên 10g,18000.0,0,0.0,Bột chế biến sẵn,Bột Thu Hiên được làm từ những thành phần an toàn được nhiều người lựa chọn tin dùng. Bột rau câu Thu Hiên Jelly Powder gói 10g mang lại cho bạn món rau câu chất lượng thơm ngon thích hợp cho ngày hè nắng nóng. Bột tiện lợi giúp chế biến rau câu một cách nhanh chóng.
271,Bột agar powder Thu Hiên 10g,18500.0,0,0.0,Bột chế biến sẵn,Bột Thu Hiên được làm từ những thành phần an toàn được nhiều người lựa chọn tin dùng. Bột agar powder Thu Hiên 10g mang lại cho bạn món rau câu chất lượng thơm ngon thích hợp cho ngày hè nắng nóng. Bột tiện lợi giúp chế biến rau câu một cách nhanh chóng.
272,Bột phô mai Ottogi 100g,30500.0,0,0.0,Bột chế biến sẵn,"Bột các loại Ottogi là chất lượng, được nhiều người lựa chọn tin dùng. Bột phô mai Ottogi gói 100g có thể sử dụng để ăn trực tiếp hoặc dùng làm bánh giúp món ăn luôn thơm ngon và hấp dẫn. Bột được làm từ những thành phần an toàn cho người sử dụng."
273,Bột chiên giòn thêm hạt O'food 100g,11000.0,0,0.0,Bột chế biến sẵn,Bột O'food chất lượng được nhiều người yêu thích. Bột chiên giòn thêm hạt O'food 100g tiện lợi giúp món ăn thêm hấp dẫn và tròn vị. Bột được làm từ những thành phần an toàn nên an toàn cho sức khoẻ người sử dụng.
274,Bột chiên gà giòn Tài Ký 500g,42000.0,0,0.0,Bột chế biến sẵn,Bột Tài Ký chất lượng được nhiều người lựa chọn sử dụng. Bột chiên gà giòn Tài Ký 500g  mang đến món gà chiên với lớp vỏ giòn và béo ngậy tạo nên một món ăn chuẩn vị. Bột được làm từ những thành phần an toàn đã được kiểm nghiệm nên bạn hoàn toàn có thể yên tâm sử dụng.
